#include "lvgl.h"

#ifndef LV_ATTRIBUTE_MEM_ALIGN
#define LV_ATTRIBUTE_MEM_ALIGN
#endif

const LV_ATTRIBUTE_MEM_ALIGN uint8_t logo_img_map[] = {
    0x00, 0x00, 0x00, 0x00, 0x00, 0x00, 0x00, 0x00, 0x00, 0x00, 0x00, 0x00, 0x00, 0x00, 0x00, 0x00,
    0x00, 0x00, 0x00, 0x00, 0x00, 0x00, 0x00, 0x00, 0x00, 0x00, 0x00, 0x00, 0x00, 0x00, 0x00, 0x00,
    0x00, 0x00, 0x00, 0x00, 0x00, 0x00, 0x00, 0x00, 0x00, 0x00, 0x00, 0x00, 0x00, 0x00, 0x00, 0x00,
    0x00, 0x00, 0x00, 0x00, 0x00, 0x00, 0x00, 0x00, 0x00, 0x00, 0x00, 0x00, 0x00, 0x00, 0x00, 0x00,
    0x00, 0x00, 0x00, 0x00, 0x00, 0x00, 0x00, 0x00, 0x00, 0x00, 0x00, 0x00, 0x00, 0x00, 0x00, 0x00,
    0x00, 0x00, 0x00, 0x00, 0x00, 0x00, 0x00, 0x00, 0x00, 0x00, 0x00, 0x00, 0x00, 0x00, 0x00, 0x00,
    0x00, 0x00, 0x00, 0x00, 0x00, 0x00, 0x00, 0x00, 0x00, 0x00, 0x00, 0x00, 0x00, 0x00, 0x00, 0x00,
    0x00, 0x00, 0x00, 0x00, 0x00, 0x00, 0x00, 0x00, 0x00, 0x00, 0x00, 0x00, 0x00, 0x00, 0x00, 0x00,
    0x00, 0x00, 0x00, 0x00, 0x00, 0x00, 0x00, 0x00, 0x00, 0x00, 0x00, 0x00, 0x00, 0x00, 0x00, 0x00,
    0x00, 0x00, 0x00, 0x00, 0x00, 0x00, 0x00, 0x00, 0x00, 0x00, 0x00, 0x00, 0x00, 0x00, 0x00, 0x00,
    0x00, 0x00, 0x00, 0x00, 0x00, 0x00, 0x00, 0x00, 0x00, 0x00, 0x00, 0x00, 0x00, 0x00, 0x00, 0x00,
    0x00, 0x00, 0x00, 0x00, 0x00, 0x00, 0x00, 0x00, 0x00, 0x00, 0x00, 0x00, 0x00, 0x00, 0x00, 0x00,
    0x00, 0x00, 0x00, 0x00, 0x00, 0x00, 0x00, 0x00, 0x00, 0x00, 0x00, 0x00, 0x00, 0x00, 0x00, 0x00,
    0x00, 0x00, 0x00, 0x00, 0x00, 0x00, 0x00, 0x00, 0x00, 0x00, 0x00, 0x00, 0x00, 0x00, 0x00, 0x00,
    0x00, 0x00, 0x00, 0x00, 0x00, 0x00, 0x00, 0x00, 0x00, 0x00, 0x00, 0x00, 0x00, 0x00, 0x00, 0x00,
    0x00, 0x00, 0x00, 0x00, 0x00, 0x00, 0x00, 0x00, 0x00, 0x00, 0x00, 0x00, 0x00, 0x00, 0x00, 0x00,
    0x00, 0x00, 0x00, 0x00, 0x00, 0x00, 0x00, 0x00, 0x00, 0x00, 0x00, 0x00, 0x00, 0x00, 0x00, 0x00,
    0x00, 0x00, 0x00, 0x00, 0x00, 0x00, 0x00, 0x00, 0x00, 0x00, 0x00, 0x00, 0x00, 0x00, 0x00, 0x00,
    0x00, 0x00, 0x00, 0x00, 0x00, 0x00, 0x00, 0x00, 0x00, 0x00, 0x00, 0x00, 0x00, 0x00, 0x00, 0x00,
    0x00, 0x00, 0x00, 0x00, 0x00, 0x00, 0x00, 0x00, 0x00, 0x00, 0x00, 0x00, 0x00, 0x00, 0x00, 0x00,
    0x00, 0x00, 0x00, 0x00, 0x00, 0x00, 0x00, 0x00, 0x00, 0x00, 0x00, 0x00, 0x00, 0x00, 0x00, 0x00,
    0x00, 0x00, 0x00, 0x00, 0x00, 0x00, 0x00, 0x00, 0x00, 0x00, 0x00, 0x00, 0x00, 0x00, 0x00, 0x00,
    0x00, 0x00, 0x00, 0x00, 0x00, 0x00, 0x00, 0x00, 0x00, 0x00, 0x00, 0x00, 0x00, 0x00, 0x00, 0x00,
    0x00, 0x00, 0x00, 0x00, 0x00, 0x00, 0x00, 0x00, 0x00, 0x00, 0x00, 0x00, 0x00, 0x00, 0x00, 0x00,
    0x00, 0x00, 0x00, 0x00, 0x00, 0x00, 0x00, 0x00, 0x00, 0x00, 0x00, 0x00, 0x00, 0x00, 0x00, 0x00,
    0x00, 0x00, 0x00, 0x00, 0x00, 0x00, 0x00, 0x00, 0x00, 0x00, 0x00, 0x00, 0x00, 0x00, 0x00, 0x00,
    0x00, 0x00, 0x00, 0x00, 0x00, 0x00, 0x00, 0x00, 0x00, 0x00, 0x00, 0x00, 0x00, 0x00, 0x00, 0x00,
    0x00, 0x00, 0x00, 0x00, 0x00, 0x00, 0x00, 0x00, 0x00, 0x00, 0x00, 0x00, 0x00, 0x00, 0x00, 0x00,
    0x00, 0x00, 0x00, 0x00, 0x00, 0x00, 0x00, 0x00, 0x00, 0x00, 0x00, 0x00, 0x00, 0x00, 0x00, 0x00,
    0x00, 0x00, 0x00, 0x00, 0x00, 0x00, 0x00, 0x00, 0x00, 0x00, 0x00, 0x00, 0x00, 0x00, 0x00, 0x00,
    0x00, 0x00, 0x00, 0x00, 0x00, 0x00, 0x00, 0x00, 0x00, 0x00, 0x00, 0x00, 0x00, 0x00, 0x00, 0x00,
    0x00, 0x00, 0x00, 0x00, 0x00, 0x00, 0x00, 0x00, 0x00, 0x00, 0x00, 0x00, 0x00, 0x00, 0x00, 0x00,
    0x00, 0x00, 0x00, 0x00, 0x00, 0x00, 0x00, 0x00, 0x00, 0x00, 0x00, 0x00, 0x00, 0x00, 0x00, 0x00,
    0x00, 0x00, 0x00, 0x00, 0x00, 0x00, 0x00, 0x00, 0x00, 0x00, 0x00, 0x00, 0x00, 0x00, 0x00, 0x00,
    0x00, 0x00, 0x00, 0x00, 0x00, 0x00, 0x00, 0x00, 0x00, 0x00, 0x00, 0x00, 0x00, 0x00, 0x00, 0x00,
    0x00, 0x00, 0x00, 0x00, 0x00, 0x00, 0x00, 0x00, 0x00, 0x00, 0x00, 0x00, 0x00, 0x00, 0x00, 0x00,
    0x00, 0x00, 0x00, 0x00, 0x00, 0x00, 0x00, 0x00, 0x00, 0x00, 0x00, 0x00, 0x00, 0x00, 0x00, 0x00,
    0x00, 0x00, 0x00, 0x00, 0x00, 0x00, 0x00, 0x00, 0x00, 0x00, 0x00, 0x00, 0x00, 0x00, 0x00, 0x00,
    0x00, 0x00, 0x00, 0x00, 0x00, 0x00, 0x00, 0x00, 0x00, 0x00, 0x00, 0x00, 0x00, 0x00, 0x00, 0x00,
    0x00, 0x00, 0x00, 0x00, 0x00, 0x00, 0x00, 0x00, 0x00, 0x00, 0x00, 0x00, 0x00, 0x00, 0x00, 0x00,
    0x00, 0x00, 0x00, 0x00, 0x00, 0x00, 0x00, 0x00, 0x00, 0x00, 0x00, 0x00, 0x00, 0x00, 0x00, 0x00,
    0x00, 0x00, 0x00, 0x00, 0x00, 0x00, 0x00, 0x00, 0x00, 0x00, 0x00, 0x00, 0x00, 0x00, 0x00, 0x00,
    0x00, 0x00, 0x00, 0x00, 0x00, 0x00, 0x00, 0x00, 0x00, 0x00, 0x00, 0x00, 0x00, 0x00, 0x00, 0x00,
    0x00, 0x00, 0x00, 0x00, 0x00, 0x00, 0x00, 0x00, 0x00, 0x00, 0x00, 0x00, 0x00, 0x00, 0x00, 0x00,
    0x00, 0x00, 0x00, 0x00, 0x00, 0x00, 0x00, 0x00, 0x00, 0x00, 0x00, 0x00, 0x00, 0x00, 0x00, 0x00,
    0x00, 0x00, 0x00, 0x00, 0x00, 0x00, 0x00, 0x00, 0x00, 0x00, 0x00, 0x00, 0x00, 0x00, 0x00, 0x00,
    0x00, 0x00, 0x00, 0x00, 0x00, 0x00, 0x00, 0x00, 0x00, 0x00, 0x00, 0x00, 0x00, 0x00, 0x00, 0x00,
    0x00, 0x00, 0x00, 0x00, 0x00, 0x00, 0x00, 0x00, 0x00, 0x00, 0x00, 0x00, 0x00, 0x00, 0x00, 0x00,
    0x00, 0x00, 0x00, 0x00, 0x00, 0x00, 0x00, 0x00, 0x00, 0x00, 0x00, 0x00, 0x00, 0x00, 0x00, 0x00,
    0x00, 0x00, 0x00, 0x00, 0x00, 0x00, 0x00, 0x00, 0x00, 0x00, 0x00, 0x00, 0x00, 0x00, 0x00, 0x00,
    0x00, 0x00, 0x00, 0x00, 0x00, 0x00, 0x00, 0x00, 0x00, 0x00, 0x00, 0x00, 0x00, 0x00, 0x00, 0x00,
    0x00, 0x00, 0x00, 0x00, 0x00, 0x00, 0x00, 0x00, 0x00, 0x00, 0x00, 0x00, 0x00, 0x00, 0x00, 0x00,
    0x00, 0x00, 0x00, 0x00, 0x00, 0x00, 0x00, 0x00, 0x00, 0x00, 0x00, 0x00, 0x00, 0x00, 0x00, 0x00,
    0x00, 0x00, 0x00, 0x00, 0x00, 0x00, 0x00, 0x00, 0x00, 0x00, 0x00, 0x00, 0x00, 0x00, 0x00, 0x00,
    0x00, 0x00, 0x00, 0x00, 0x00, 0x00, 0x00, 0x00, 0x00, 0x00, 0x00, 0x00, 0x00, 0x00, 0x00, 0x00,
    0x00, 0x00, 0x00, 0x00, 0x00, 0x00, 0x00, 0x00, 0x00, 0x00, 0x00, 0x00, 0x00, 0x00, 0x00, 0x00,
    0x00, 0x00, 0x00, 0x00, 0x00, 0x00, 0x00, 0x00, 0x00, 0x00, 0x00, 0x00, 0x00, 0x00, 0x00, 0x00,
    0x00, 0x00, 0x00, 0x00, 0x00, 0x00, 0x00, 0x00, 0x00, 0x00, 0x00, 0x00, 0x00, 0x00, 0x00, 0x00,
    0x00, 0x00, 0x00, 0x00, 0x00, 0x00, 0x00, 0x00, 0x00, 0x00, 0x00, 0x00, 0x00, 0x00, 0x00, 0x00,
    0x00, 0x00, 0x00, 0x00, 0x00, 0x00, 0x00, 0x00, 0x00, 0x00, 0x00, 0x00, 0x00, 0x00, 0x00, 0x00,
    0x00, 0x00, 0x00, 0x00, 0x00, 0x00, 0x00, 0x00, 0x00, 0x00, 0x00, 0x00, 0x00, 0x00, 0x00, 0x00,
    0x00, 0x00, 0x00, 0x00, 0x00, 0x00, 0x00, 0x00, 0x00, 0x00, 0x00, 0x00, 0x00, 0x00, 0x00, 0x00,
    0x00, 0x00, 0x00, 0x00, 0x00, 0x00, 0x00, 0x00, 0x00, 0x00, 0x00, 0x00, 0x00, 0x00, 0x00, 0x00,
    0x00, 0x00, 0x00, 0x00, 0x00, 0x00, 0x00, 0x00, 0x00, 0x00, 0x00, 0x00, 0x00, 0x00, 0x00, 0x00,
    0x00, 0x00, 0x00, 0x00, 0x00, 0x00, 0x00, 0x00, 0x00, 0x00, 0x00, 0x00, 0x00, 0x00, 0x00, 0x00,
    0x00, 0x00, 0x00, 0x00, 0x00, 0x00, 0x00, 0x00, 0x00, 0x00, 0x00, 0x00, 0x00, 0x00, 0x00, 0x00,
    0x00, 0x00, 0x00, 0x00, 0x00, 0x00, 0x00, 0x00, 0x00, 0x00, 0x00, 0x00, 0x00, 0x00, 0x00, 0x00,
    0x00, 0x00, 0x00, 0x00, 0x00, 0x00, 0x00, 0x00, 0x00, 0x00, 0x00, 0x00, 0x00, 0x00, 0x00, 0x00,
    0x00, 0x00, 0x00, 0x00, 0x00, 0x00, 0x00, 0x00, 0x00, 0x00, 0x00, 0x00, 0x00, 0x00, 0x00, 0x00,
    0x00, 0x00, 0x00, 0x00, 0x00, 0x00, 0x00, 0x00, 0x00, 0x00, 0x00, 0x00, 0x00, 0x00, 0x00, 0x00,
    0x00, 0x00, 0x00, 0x00, 0x00, 0x00, 0x00, 0x00, 0x00, 0x00, 0x00, 0x00, 0x00, 0x00, 0x00, 0x00,
    0x00, 0x00, 0x00, 0x00, 0x00, 0x00, 0x00, 0x00, 0x00, 0x00, 0x00, 0x00, 0x00, 0x00, 0x00, 0x00,
    0x00, 0x00, 0x00, 0x00, 0x00, 0x00, 0x00, 0x00, 0x00, 0x00, 0x00, 0x00, 0x00, 0x00, 0x00, 0x00,
    0x00, 0x00, 0x00, 0x00, 0x00, 0x00, 0x00, 0x00, 0x00, 0x00, 0x00, 0x00, 0x00, 0x00, 0x00, 0x00,
    0x00, 0x00, 0x00, 0x00, 0x00, 0x00, 0x00, 0x00, 0x00, 0x00, 0x00, 0x00, 0x00, 0x00, 0x00, 0x00,
    0x00, 0x00, 0x00, 0x00, 0x00, 0x00, 0x00, 0x00, 0x00, 0x00, 0x00, 0x00, 0x00, 0x00, 0x00, 0x00,
    0x00, 0x00, 0x00, 0x00, 0x00, 0x00, 0x00, 0x00, 0x00, 0x00, 0x00, 0x00, 0x00, 0x00, 0x00, 0x00,
    0x00, 0x00, 0x00, 0x00, 0x00, 0x00, 0x00, 0x00, 0x00, 0x00, 0x00, 0x00, 0x00, 0x00, 0x00, 0x00,
    0x00, 0x00, 0x00, 0x00, 0x00, 0x00, 0x00, 0x00, 0x00, 0x00, 0x00, 0x00, 0x00, 0x00, 0x00, 0x00,
    0x00, 0x00, 0x00, 0x00, 0x00, 0x00, 0x00, 0x00, 0x00, 0x00, 0x00, 0x00, 0x00, 0x00, 0x00, 0x00,
    0x00, 0x00, 0x00, 0x00, 0x00, 0x00, 0x00, 0x00, 0x00, 0x00, 0x00, 0x00, 0x00, 0x00, 0x00, 0x00,
    0x00, 0x00, 0x00, 0x00, 0x00, 0x00, 0x00, 0x00, 0x00, 0x00, 0x00, 0x00, 0x00, 0x00, 0x00, 0x00,
    0x00, 0x00, 0x00, 0x00, 0x00, 0x00, 0x00, 0x00, 0x00, 0x00, 0x00, 0x00, 0x00, 0x00, 0x00, 0x00,
    0x00, 0x00, 0x00, 0x00, 0x00, 0x00, 0x00, 0x00, 0x00, 0x00, 0x00, 0x00, 0x00, 0x00, 0x00, 0x00,
    0x00, 0x00, 0x00, 0x00, 0x00, 0x00, 0x00, 0x00, 0x00, 0x00, 0x00, 0x00, 0x00, 0x00, 0x00, 0x00,
    0x00, 0x00, 0x00, 0x00, 0x00, 0x00, 0x00, 0x00, 0x00, 0x00, 0x00, 0x00, 0x00, 0x00, 0x00, 0x00,
    0x00, 0x00, 0x00, 0x00, 0x00, 0x00, 0x00, 0x00, 0x00, 0x00, 0x00, 0x00, 0x00, 0x00, 0x00, 0x00,
    0x00, 0x00, 0x00, 0x00, 0x00, 0x00, 0x00, 0x00, 0x00, 0x00, 0x00, 0x00, 0x00, 0x00, 0x00, 0x00,
    0x00, 0x00, 0x00, 0x00, 0x00, 0x00, 0x00, 0x00, 0x00, 0x00, 0x00, 0x00, 0x00, 0x00, 0x00, 0x00,
    0x00, 0x00, 0x00, 0x00, 0x00, 0x00, 0x00, 0x00, 0x00, 0x00, 0x00, 0x00, 0x00, 0x00, 0x00, 0x00,
    0x00, 0x00, 0x00, 0x00, 0x00, 0x00, 0x00, 0x00, 0x00, 0x00, 0x00, 0x00, 0x00, 0x00, 0x00, 0x00,
    0x00, 0x00, 0x00, 0x00, 0x00, 0x00, 0x00, 0x00, 0x00, 0x00, 0x00, 0x00, 0x00, 0x00, 0x00, 0x00,
    0x00, 0x00, 0x00, 0x00, 0x00, 0x00, 0x00, 0x00, 0x00, 0x00, 0x00, 0x00, 0x00, 0x00, 0x00, 0x00,
    0x00, 0x00, 0x00, 0x00, 0x00, 0x00, 0x00, 0x00, 0x00, 0x00, 0x00, 0x00, 0x00, 0x00, 0x00, 0x00,
    0x00, 0x00, 0x00, 0x00, 0x00, 0x00, 0x00, 0x00, 0x00, 0x00, 0x00, 0x00, 0x00, 0x00, 0x00, 0x00,
    0x00, 0x00, 0x00, 0x00, 0x00, 0x00, 0x00, 0x00, 0x00, 0x00, 0x00, 0x00, 0x00, 0x00, 0x00, 0x00,
    0x00, 0x00, 0x00, 0x00, 0x00, 0x00, 0x00, 0x00, 0x00, 0x00, 0x00, 0x00, 0x00, 0x00, 0x00, 0x00,
    0x00, 0x00, 0x00, 0x00, 0x00, 0x00, 0x00, 0x00, 0x00, 0x00, 0x00, 0x00, 0x00, 0x00, 0x00, 0x00,
    0x00, 0x00, 0x00, 0x00, 0x00, 0x00, 0x00, 0x00, 0x00, 0x00, 0x00, 0x00, 0x00, 0x00, 0x00, 0x00,
    0x00, 0x00, 0x00, 0x00, 0x00, 0x00, 0x00, 0x00, 0x00, 0x00, 0x00, 0x00, 0x00, 0x00, 0x00, 0x00,
    0x00, 0x00, 0x00, 0x00, 0x00, 0x00, 0x00, 0x00, 0x00, 0x00, 0x00, 0x00, 0x00, 0x00, 0x00, 0x00,
    0x00, 0x00, 0x00, 0x00, 0x00, 0x00, 0x00, 0x00, 0x00, 0x00, 0x00, 0x00, 0x00, 0x00, 0x00, 0x00,
    0x00, 0x00, 0x00, 0x00, 0x00, 0x00, 0x00, 0x00, 0x00, 0x00, 0x00, 0x00, 0x00, 0x00, 0x00, 0x00,
    0x00, 0x00, 0x00, 0x00, 0x00, 0x00, 0x00, 0x00, 0x00, 0x00, 0x00, 0x00, 0x00, 0x00, 0x00, 0x00,
    0x00, 0x00, 0x00, 0x00, 0x00, 0x00, 0x00, 0x00, 0x00, 0x00, 0x00, 0x00, 0x00, 0x00, 0x00, 0x00,
    0x00, 0x00, 0x00, 0x00, 0x00, 0x00, 0x00, 0x00, 0x00, 0x00, 0x00, 0x00, 0x00, 0x00, 0x00, 0x00,
    0x00, 0x00, 0x00, 0x00, 0x00, 0x00, 0x00, 0x00, 0x00, 0x00, 0x00, 0x00, 0x00, 0x00, 0x00, 0x00,
    0x00, 0x00, 0x00, 0x00, 0x00, 0x00, 0x00, 0x00, 0x00, 0x00, 0x00, 0x00, 0x00, 0x00, 0x00, 0x00,
    0x00, 0x00, 0x00, 0x00, 0x00, 0x00, 0x00, 0x00, 0x00, 0x00, 0x00, 0x00, 0x00, 0x00, 0x00, 0x00,
    0x00, 0x00, 0x00, 0x00, 0x00, 0x00, 0x00, 0x00, 0x00, 0x00, 0x00, 0x00, 0x00, 0x00, 0x00, 0x00,
    0x00, 0x00, 0x00, 0x00, 0x00, 0x00, 0x00, 0x00, 0x00, 0x00, 0x00, 0x00, 0x00, 0x00, 0x00, 0x00,
    0x00, 0x00, 0x00, 0x00, 0x00, 0x00, 0x00, 0x00, 0x00, 0x00, 0x00, 0x00, 0x00, 0x00, 0x00, 0x00,
    0x00, 0x00, 0x00, 0x00, 0x00, 0x00, 0x00, 0x00, 0x00, 0x00, 0x00, 0x00, 0x00, 0x00, 0x00, 0x00,
    0x00, 0x00, 0x00, 0x00, 0x00, 0x00, 0x00, 0x00, 0x00, 0x00, 0x00, 0x00, 0x00, 0x00, 0x00, 0x00,
    0x00, 0x00, 0x00, 0x00, 0x00, 0x00, 0x00, 0x00, 0x00, 0x00, 0x00, 0x00, 0x00, 0x00, 0x00, 0x00,
    0x00, 0x00, 0x00, 0x00, 0x00, 0x00, 0x00, 0x00, 0x00, 0x00, 0x00, 0x00, 0x00, 0x00, 0x00, 0x00,
    0x00, 0x00, 0x00, 0x00, 0x00, 0x00, 0x00, 0x00, 0x00, 0x00, 0x00, 0x00, 0x00, 0x00, 0x00, 0x00,
    0x00, 0x00, 0x00, 0x00, 0x00, 0x00, 0x00, 0x00, 0x00, 0x00, 0x00, 0x00, 0x00, 0x00, 0x00, 0x00,
    0x00, 0x00, 0x00, 0x00, 0x00, 0x00, 0x00, 0x00, 0x00, 0x00, 0x00, 0x00, 0x00, 0x00, 0x00, 0x00,
    0x00, 0x00, 0x00, 0x00, 0x00, 0x00, 0x00, 0x00, 0x00, 0x00, 0x00, 0x00, 0x00, 0x00, 0x00, 0x00,
    0x00, 0x00, 0x00, 0x00, 0x00, 0x00, 0x00, 0x00, 0x00, 0x00, 0x00, 0x00, 0x00, 0x00, 0x00, 0x00,
    0x00, 0x00, 0x00, 0x00, 0x00, 0x00, 0x00, 0x00, 0x00, 0x00, 0x00, 0x00, 0x00, 0x00, 0x00, 0x00,
    0x00, 0x00, 0x00, 0x00, 0x00, 0x00, 0x00, 0x00, 0x00, 0x00, 0x00, 0x00, 0x00, 0x00, 0x00, 0x00,
    0x00, 0x00, 0x00, 0x00, 0x00, 0x00, 0x00, 0x00, 0x00, 0x00, 0x00, 0x00, 0x00, 0x00, 0x00, 0x00,
    0x00, 0x00, 0x00, 0x00, 0x00, 0x00, 0x00, 0x00, 0x00, 0x00, 0x00, 0x00, 0x00, 0x00, 0x00, 0x00,
    0x00, 0x00, 0x00, 0x00, 0x00, 0x00, 0x00, 0x00, 0x00, 0x00, 0x00, 0x00, 0x00, 0x00, 0x00, 0x00,
    0x00, 0x00, 0x00, 0x00, 0x00, 0x00, 0x00, 0x00, 0x00, 0x00, 0x00, 0x00, 0x00, 0x00, 0x00, 0x00,
    0x00, 0x00, 0x00, 0x00, 0x00, 0x00, 0x00, 0x00, 0x00, 0x00, 0x00, 0x00, 0x00, 0x00, 0x00, 0x00,
    0x00, 0x00, 0x00, 0x00, 0x00, 0x00, 0x00, 0x00, 0x00, 0x00, 0x00, 0x00, 0x00, 0x00, 0x00, 0x00,
    0x00, 0x00, 0x00, 0x00, 0x00, 0x00, 0x00, 0x00, 0x00, 0x00, 0x00, 0x00, 0x00, 0x00, 0x00, 0x00,
    0x00, 0x00, 0x00, 0x00, 0x00, 0x00, 0x00, 0x00, 0x00, 0x00, 0x00, 0x00, 0x00, 0x00, 0x00, 0x00,
    0x00, 0x00, 0x00, 0x00, 0x00, 0x00, 0x00, 0x00, 0x00, 0x00, 0x00, 0x00, 0x00, 0x00, 0x00, 0x00,
    0x00, 0x00, 0x00, 0x00, 0x00, 0x00, 0x00, 0x00, 0x00, 0x00, 0x00, 0x00, 0x00, 0x00, 0x00, 0x00,
    0x00, 0x00, 0x00, 0x00, 0x00, 0x00, 0x00, 0x00, 0x00, 0x00, 0x00, 0x00, 0x00, 0x00, 0x00, 0x00,
    0x00, 0x00, 0x00, 0x00, 0x00, 0x00, 0x00, 0x00, 0x00, 0x00, 0x00, 0x00, 0x00, 0x00, 0x00, 0x00,
    0x00, 0x00, 0x00, 0x00, 0xff, 0xff, 0xff, 0x01, 0xff, 0xff, 0xff, 0x02, 0xff, 0xff, 0xff, 0x03,
    0xbf, 0xbf, 0xbf, 0x04, 0xbf, 0xbf, 0xbf, 0x04, 0xbf, 0xbf, 0xbf, 0x04, 0xbf, 0xbf, 0xbf, 0x04,
    0xbf, 0xbf, 0xbf, 0x04, 0xff, 0xff, 0xff, 0x03, 0xff, 0xff, 0xff, 0x02, 0xff, 0xff, 0xff, 0x01,
    0x00, 0x00, 0x00, 0x00, 0x00, 0x00, 0x00, 0x00, 0x00, 0x00, 0x00, 0x00, 0x00, 0x00, 0x00, 0x00,
    0x00, 0x00, 0x00, 0x00, 0x00, 0x00, 0x00, 0x00, 0x00, 0x00, 0x00, 0x00, 0x00, 0x00, 0x00, 0x00,
    0x00, 0x00, 0x00, 0x00, 0x00, 0x00, 0x00, 0x00, 0x00, 0x00, 0x00, 0x00, 0x00, 0x00, 0x00, 0x00,
    0x00, 0x00, 0x00, 0x00, 0x00, 0x00, 0x00, 0x00, 0x00, 0x00, 0x00, 0x00, 0x00, 0x00, 0x00, 0x00,
    0x00, 0x00, 0x00, 0x00, 0x00, 0x00, 0x00, 0x00, 0x00, 0x00, 0x00, 0x00, 0x00, 0x00, 0x00, 0x00,
    0x00, 0x00, 0x00, 0x00, 0x00, 0x00, 0x00, 0x00, 0x00, 0x00, 0x00, 0x00, 0x00, 0x00, 0x00, 0x00,
    0x00, 0x00, 0x00, 0x00, 0x00, 0x00, 0x00, 0x00, 0x00, 0x00, 0x00, 0x00, 0x00, 0x00, 0x00, 0x00,
    0x00, 0x00, 0x00, 0x00, 0x00, 0x00, 0x00, 0x00, 0x00, 0x00, 0x00, 0x00, 0x00, 0x00, 0x00, 0x00,
    0x00, 0x00, 0x00, 0x00, 0x00, 0x00, 0x00, 0x00, 0x00, 0x00, 0x00, 0x00, 0x00, 0x00, 0x00, 0x00,
    0x00, 0x00, 0x00, 0x00, 0x00, 0x00, 0x00, 0x00, 0x00, 0x00, 0x00, 0x00, 0x00, 0x00, 0x00, 0x00,
    0x00, 0x00, 0x00, 0x00, 0x00, 0x00, 0x00, 0x00, 0x00, 0x00, 0x00, 0x00, 0x00, 0x00, 0x00, 0x00,
    0x00, 0x00, 0x00, 0x00, 0x00, 0x00, 0x00, 0x00, 0x00, 0x00, 0x00, 0x00, 0x00, 0x00, 0x00, 0x00,
    0x00, 0x00, 0x00, 0x00, 0x00, 0x00, 0x00, 0x00, 0x00, 0x00, 0x00, 0x00, 0x00, 0x00, 0x00, 0x00,
    0x00, 0x00, 0x00, 0x00, 0x00, 0x00, 0x00, 0x00, 0x00, 0x00, 0x00, 0x00, 0x00, 0x00, 0x00, 0x00,
    0x00, 0x00, 0x00, 0x00, 0x00, 0x00, 0x00, 0x00, 0x00, 0x00, 0x00, 0x00, 0x00, 0x00, 0x00, 0x00,
    0x00, 0x00, 0x00, 0x00, 0x00, 0x00, 0x00, 0x00, 0xff, 0xff, 0xff, 0x02, 0xbf, 0xbf, 0xbf, 0x04,
    0x00, 0x00, 0x00, 0x00, 0x00, 0x00, 0x00, 0x00, 0x00, 0x00, 0x00, 0x00, 0x00, 0x00, 0x00, 0x00,
    0x00, 0x00, 0x00, 0x00, 0x00, 0x00, 0x00, 0x00, 0x00, 0x00, 0x00, 0x00, 0x00, 0x00, 0x00, 0x00,
    0x00, 0x00, 0x00, 0x00, 0x00, 0x00, 0x00, 0x00, 0x00, 0x00, 0x00, 0x00, 0xaa, 0xaa, 0xaa, 0x03,
    0xaa, 0xaa, 0xaa, 0x03, 0xff, 0xff, 0xff, 0x01, 0x00, 0x00, 0x00, 0x00, 0x00, 0x00, 0x00, 0x00,
    0x00, 0x00, 0x00, 0x00, 0x00, 0x00, 0x00, 0x00, 0x00, 0x00, 0x00, 0x00, 0x00, 0x00, 0x00, 0x00,
    0x00, 0x00, 0x00, 0x00, 0x00, 0x00, 0x00, 0x00, 0x00, 0x00, 0x00, 0x00, 0x00, 0x00, 0x00, 0x00,
    0x00, 0x00, 0x00, 0x00, 0x00, 0x00, 0x00, 0x00, 0x00, 0x00, 0x00, 0x00, 0x00, 0x00, 0x00, 0x00,
    0x00, 0x00, 0x00, 0x00, 0x00, 0x00, 0x00, 0x00, 0x00, 0x00, 0x00, 0x00, 0x00, 0x00, 0x00, 0x00,
    0x00, 0x00, 0x00, 0x00, 0x00, 0x00, 0x00, 0x00, 0x00, 0x00, 0x00, 0x00, 0x00, 0x00, 0x00, 0x00,
    0x00, 0x00, 0x00, 0x00, 0x00, 0x00, 0x00, 0x00, 0x00, 0x00, 0x00, 0x00, 0x00, 0x00, 0x00, 0x00,
    0x00, 0x00, 0x00, 0x00, 0x00, 0x00, 0x00, 0x00, 0x00, 0x00, 0x00, 0x00, 0x00, 0x00, 0x00, 0x00,
    0x00, 0x00, 0x00, 0x00, 0x00, 0x00, 0x00, 0x00, 0x00, 0x00, 0x00, 0x00, 0x00, 0x00, 0x00, 0x00,
    0x00, 0x00, 0x00, 0x00, 0x00, 0x00, 0x00, 0x00, 0x00, 0x00, 0x00, 0x00, 0x00, 0x00, 0x00, 0x00,
    0x00, 0x00, 0x00, 0x00, 0x00, 0x00, 0x00, 0x00, 0x00, 0x00, 0x00, 0x00, 0x00, 0x00, 0x00, 0x00,
    0x00, 0x00, 0x00, 0x00, 0x00, 0x00, 0x00, 0x00, 0x00, 0x00, 0x00, 0x00, 0x00, 0x00, 0x00, 0x00,
    0x00, 0x00, 0x00, 0x00, 0x00, 0x00, 0x00, 0x00, 0x00, 0x00, 0x00, 0x00, 0x00, 0x00, 0x00, 0x00,
    0x00, 0x00, 0x00, 0x00, 0x00, 0x00, 0x00, 0x00, 0x00, 0x00, 0x00, 0x00, 0x00, 0x00, 0x00, 0x00,
    0x00, 0x00, 0x00, 0x00, 0x00, 0x00, 0x00, 0x00, 0x00, 0x00, 0x00, 0x00, 0xff, 0xff, 0xff, 0x02,
    0xff, 0xff, 0xff, 0x02, 0x00, 0x00, 0x00, 0x00, 0x00, 0x00, 0x00, 0x00, 0xff, 0xff, 0xff, 0x02,
    0xe6, 0xe6, 0xe6, 0x2a, 0xe1, 0xe1, 0xe1, 0x55, 0xdd, 0xdb, 0xdd, 0x6c, 0xd8, 0xd8, 0xd8, 0x78,
    0xd8, 0xd6, 0xd6, 0x7e, 0xd6, 0xd6, 0xd6, 0x79, 0xd4, 0xd4, 0xd4, 0x6d, 0xd4, 0xd4, 0xd4, 0x59,
    0xcf, 0xcf, 0xcf, 0x30, 0xb2, 0xb2, 0xb2, 0x0a, 0x00, 0x00, 0x00, 0x00, 0x00, 0x00, 0x00, 0x00,
    0x00, 0x00, 0x00, 0x00, 0xaa, 0xaa, 0xaa, 0x03, 0xff, 0xff, 0xff, 0x01, 0x00, 0x00, 0x00, 0x00,
    0x00, 0x00, 0x00, 0x00, 0x00, 0x00, 0x00, 0x00, 0x00, 0x00, 0x00, 0x00, 0x00, 0x00, 0x00, 0x00,
    0x00, 0x00, 0x00, 0x00, 0x00, 0x00, 0x00, 0x00, 0x00, 0x00, 0x00, 0x00, 0x00, 0x00, 0x00, 0x00,
    0x00, 0x00, 0x00, 0x00, 0x00, 0x00, 0x00, 0x00, 0x00, 0x00, 0x00, 0x00, 0x00, 0x00, 0x00, 0x00,
    0x00, 0x00, 0x00, 0x00, 0x00, 0x00, 0x00, 0x00, 0x00, 0x00, 0x00, 0x00, 0x00, 0x00, 0x00, 0x00,
    0x00, 0x00, 0x00, 0x00, 0x00, 0x00, 0x00, 0x00, 0x00, 0x00, 0x00, 0x00, 0x00, 0x00, 0x00, 0x00,
    0x00, 0x00, 0x00, 0x00, 0x00, 0x00, 0x00, 0x00, 0x00, 0x00, 0x00, 0x00, 0x00, 0x00, 0x00, 0x00,
    0x00, 0x00, 0x00, 0x00, 0x00, 0x00, 0x00, 0x00, 0x00, 0x00, 0x00, 0x00, 0x00, 0x00, 0x00, 0x00,
    0x00, 0x00, 0x00, 0x00, 0x00, 0x00, 0x00, 0x00, 0x00, 0x00, 0x00, 0x00, 0x00, 0x00, 0x00, 0x00,
    0x00, 0x00, 0x00, 0x00, 0x00, 0x00, 0x00, 0x00, 0x00, 0x00, 0x00, 0x00, 0x00, 0x00, 0x00, 0x00,
    0x00, 0x00, 0x00, 0x00, 0x00, 0x00, 0x00, 0x00, 0x00, 0x00, 0x00, 0x00, 0x00, 0x00, 0x00, 0x00,
    0x00, 0x00, 0x00, 0x00, 0x00, 0x00, 0x00, 0x00, 0x00, 0x00, 0x00, 0x00, 0x00, 0x00, 0x00, 0x00,
    0x00, 0x00, 0x00, 0x00, 0x00, 0x00, 0x00, 0x00, 0x00, 0x00, 0x00, 0x00, 0x00, 0x00, 0x00, 0x00,
    0x00, 0x00, 0x00, 0x00, 0x00, 0x00, 0x00, 0x00, 0x00, 0x00, 0x00, 0x00, 0x00, 0x00, 0x00, 0x00,
    0xff, 0xff, 0xff, 0x01, 0xff, 0xff, 0xff, 0x02, 0x00, 0x00, 0x00, 0x00, 0x00, 0x00, 0x00, 0x00,
    0xe8, 0xe8, 0xe8, 0x2e, 0xeb, 0xe9, 0xeb, 0x84, 0xe8, 0xe8, 0xe8, 0xd0, 0xe4, 0xe4, 0xe5, 0xf9,
    0xea, 0xea, 0xea, 0xff, 0xea, 0xea, 0xea, 0xff, 0xe8, 0xe8, 0xe8, 0xff, 0xe6, 0xe6, 0xe6, 0xff,
    0xe3, 0xe3, 0xe3, 0xff, 0xdf, 0xdf, 0xdf, 0xff, 0xdb, 0xdb, 0xdb, 0xff, 0xce, 0xce, 0xce, 0xfd,
    0xcb, 0xcb, 0xcb, 0xdd, 0xc8, 0xc8, 0xc8, 0xa0, 0xc5, 0xc5, 0xc5, 0x4c, 0xaa, 0xaa, 0xaa, 0x06,
    0x00, 0x00, 0x00, 0x00, 0x00, 0x00, 0x00, 0x00, 0xaa, 0xaa, 0xaa, 0x03, 0x00, 0x00, 0x00, 0x00,
    0x00, 0x00, 0x00, 0x00, 0x00, 0x00, 0x00, 0x00, 0x00, 0x00, 0x00, 0x00, 0x00, 0x00, 0x00, 0x00,
    0x00, 0x00, 0x00, 0x00, 0x00, 0x00, 0x00, 0x00, 0x00, 0x00, 0x00, 0x00, 0x00, 0x00, 0x00, 0x00,
    0x00, 0x00, 0x00, 0x00, 0x00, 0x00, 0x00, 0x00, 0x00, 0x00, 0x00, 0x00, 0x00, 0x00, 0x00, 0x00,
    0x00, 0x00, 0x00, 0x00, 0x00, 0x00, 0x00, 0x00, 0x00, 0x00, 0x00, 0x00, 0x00, 0x00, 0x00, 0x00,
    0x00, 0x00, 0x00, 0x00, 0x00, 0x00, 0x00, 0x00, 0x00, 0x00, 0x00, 0x00, 0x00, 0x00, 0x00, 0x00,
    0x00, 0x00, 0x00, 0x00, 0x00, 0x00, 0x00, 0x00, 0x00, 0x00, 0x00, 0x00, 0x00, 0x00, 0x00, 0x00,
    0x00, 0x00, 0x00, 0x00, 0x00, 0x00, 0x00, 0x00, 0x00, 0x00, 0x00, 0x00, 0x00, 0x00, 0x00, 0x00,
    0x00, 0x00, 0x00, 0x00, 0x00, 0x00, 0x00, 0x00, 0x00, 0x00, 0x00, 0x00, 0x00, 0x00, 0x00, 0x00,
    0x00, 0x00, 0x00, 0x00, 0x00, 0x00, 0x00, 0x00, 0x00, 0x00, 0x00, 0x00, 0x00, 0x00, 0x00, 0x00,
    0x00, 0x00, 0x00, 0x00, 0x00, 0x00, 0x00, 0x00, 0x00, 0x00, 0x00, 0x00, 0x00, 0x00, 0x00, 0x00,
    0x00, 0x00, 0x00, 0x00, 0x00, 0x00, 0x00, 0x00, 0x00, 0x00, 0x00, 0x00, 0x00, 0x00, 0x00, 0x00,
    0x00, 0x00, 0x00, 0x00, 0x00, 0x00, 0x00, 0x00, 0x00, 0x00, 0x00, 0x00, 0x00, 0x00, 0x00, 0x00,
    0x00, 0x00, 0x00, 0x00, 0x00, 0x00, 0x00, 0x00, 0xff, 0xff, 0xff, 0x03, 0x00, 0x00, 0x00, 0x00,
    0x00, 0x00, 0x00, 0x00, 0xee, 0xee, 0xf2, 0x3d, 0xf0, 0xef, 0xf0, 0xb1, 0xec, 0xec, 0xec, 0xfb,
    0xf7, 0xf7, 0xf7, 0xff, 0xef, 0xef, 0xee, 0xff, 0xe6, 0xe6, 0xe5, 0xff, 0xe2, 0xe2, 0xe2, 0xfc,
    0xdf, 0xdf, 0xdf, 0xfc, 0xdd, 0xdd, 0xdd, 0xfb, 0xda, 0xda, 0xda, 0xfb, 0xd7, 0xd7, 0xd7, 0xfb,
    0xd4, 0xd4, 0xd4, 0xfb, 0xd2, 0xd2, 0xd1, 0xfc, 0xce, 0xce, 0xce, 0xff, 0xd0, 0xd0, 0xd0, 0xff,
    0xd4, 0xd4, 0xd4, 0xff, 0xc9, 0xc9, 0xc9, 0xff, 0xbc, 0xbc, 0xbc, 0xd3, 0xb5, 0xb2, 0xb5, 0x6b,
    0x99, 0x99, 0x99, 0x0a, 0x00, 0x00, 0x00, 0x00, 0x7f, 0x7f, 0x7f, 0x02, 0xff, 0xff, 0xff, 0x02,
    0xaa, 0xaa, 0xaa, 0x03, 0xbf, 0xbf, 0xbf, 0x04, 0xbf, 0xbf, 0xbf, 0x04, 0xbf, 0xbf, 0xbf, 0x04,
    0xff, 0xff, 0xff, 0x03, 0xaa, 0xaa, 0xaa, 0x03, 0xaa, 0xaa, 0xaa, 0x03, 0xaa, 0xaa, 0xaa, 0x03,
    0xaa, 0xaa, 0xaa, 0x03, 0xff, 0xff, 0xff, 0x03, 0xbf, 0xbf, 0xbf, 0x04, 0xff, 0xff, 0xff, 0x03,
    0xaa, 0xaa, 0xaa, 0x03, 0x7f, 0x7f, 0x7f, 0x02, 0xff, 0xff, 0xff, 0x01, 0x00, 0x00, 0x00, 0x00,
    0x00, 0x00, 0x00, 0x00, 0x00, 0x00, 0x00, 0x00, 0x00, 0x00, 0x00, 0x00, 0x00, 0x00, 0x00, 0x00,
    0x00, 0x00, 0x00, 0x00, 0x00, 0x00, 0x00, 0x00, 0x00, 0x00, 0x00, 0x00, 0x00, 0x00, 0x00, 0x00,
    0x00, 0x00, 0x00, 0x00, 0x00, 0x00, 0x00, 0x00, 0x00, 0x00, 0x00, 0x00, 0x00, 0x00, 0x00, 0x00,
    0x00, 0x00, 0x00, 0x00, 0x00, 0x00, 0x00, 0x00, 0x00, 0x00, 0x00, 0x00, 0x00, 0x00, 0x00, 0x00,
    0x00, 0x00, 0x00, 0x00, 0x00, 0x00, 0x00, 0x00, 0x00, 0x00, 0x00, 0x00, 0x00, 0x00, 0x00, 0x00,
    0x00, 0x00, 0x00, 0x00, 0x00, 0x00, 0x00, 0x00, 0x00, 0x00, 0x00, 0x00, 0x00, 0x00, 0x00, 0x00,
    0x00, 0x00, 0x00, 0x00, 0x00, 0x00, 0x00, 0x00, 0x00, 0x00, 0x00, 0x00, 0x00, 0x00, 0x00, 0x00,
    0x00, 0x00, 0x00, 0x00, 0x00, 0x00, 0x00, 0x00, 0x00, 0x00, 0x00, 0x00, 0x00, 0x00, 0x00, 0x00,
    0xff, 0xff, 0xff, 0x03, 0x00, 0x00, 0x00, 0x00, 0xeb, 0xeb, 0xeb, 0x1a, 0xf3, 0xf2, 0xf3, 0x9f,
    0xf4, 0xf3, 0xf4, 0xff, 0xfa, 0xfa, 0xfb, 0xff, 0xed, 0xed, 0xed, 0xff, 0xea, 0xea, 0xea, 0xfb,
    0xe8, 0xe8, 0xe8, 0xfd, 0xe6, 0xe6, 0xe6, 0xfe, 0xe3, 0xe3, 0xe3, 0xff, 0xe1, 0xe1, 0xe1, 0xff,
    0xde, 0xde, 0xde, 0xff, 0xdb, 0xdb, 0xdb, 0xff, 0xd8, 0xd8, 0xd8, 0xff, 0xd4, 0xd4, 0xd4, 0xff,
    0xd2, 0xd2, 0xd2, 0xff, 0xce, 0xce, 0xce, 0xff, 0xcb, 0xcb, 0xcb, 0xfd, 0xc9, 0xc9, 0xc9, 0xfc,
    0xc3, 0xc3, 0xc3, 0xfd, 0xbe, 0xbe, 0xbe, 0xff, 0xba, 0xba, 0xba, 0xff, 0xac, 0xac, 0xac, 0xd2,
    0xa4, 0xa4, 0xa4, 0x4f, 0x00, 0x00, 0x00, 0x00, 0x00, 0x00, 0x00, 0x00, 0x00, 0x00, 0x00, 0x00,
    0x00, 0x00, 0x00, 0x00, 0x00, 0x00, 0x00, 0x00, 0x00, 0x00, 0x00, 0x00, 0x00, 0x00, 0x00, 0x00,
    0x00, 0x00, 0x00, 0x00, 0x00, 0x00, 0x00, 0x00, 0x00, 0x00, 0x00, 0x00, 0x00, 0x00, 0x00, 0x00,
    0x00, 0x00, 0x00, 0x00, 0x00, 0x00, 0x00, 0x00, 0x00, 0x00, 0x00, 0x00, 0x00, 0x00, 0x00, 0x00,
    0x00, 0x00, 0x00, 0x00, 0x00, 0x00, 0x00, 0x00, 0x00, 0x00, 0x00, 0x00, 0xff, 0x7f, 0xff, 0x02,
    0xff, 0xff, 0xff, 0x02, 0xff, 0xff, 0xff, 0x01, 0x00, 0x00, 0x00, 0x00, 0x00, 0x00, 0x00, 0x00,
    0x00, 0x00, 0x00, 0x00, 0x00, 0x00, 0x00, 0x00, 0x00, 0x00, 0x00, 0x00, 0x00, 0x00, 0x00, 0x00,
    0x00, 0x00, 0x00, 0x00, 0x00, 0x00, 0x00, 0x00, 0x00, 0x00, 0x00, 0x00, 0x00, 0x00, 0x00, 0x00,
    0x00, 0x00, 0x00, 0x00, 0x00, 0x00, 0x00, 0x00, 0x00, 0x00, 0x00, 0x00, 0x00, 0x00, 0x00, 0x00,
    0x00, 0x00, 0x00, 0x00, 0x00, 0x00, 0x00, 0x00, 0x00, 0x00, 0x00, 0x00, 0x00, 0x00, 0x00, 0x00,
    0x00, 0x00, 0x00, 0x00, 0x00, 0x00, 0x00, 0x00, 0x00, 0x00, 0x00, 0x00, 0x00, 0x00, 0x00, 0x00,
    0x00, 0x00, 0x00, 0x00, 0x00, 0x00, 0x00, 0x00, 0x00, 0x00, 0x00, 0x00, 0x00, 0x00, 0x00, 0x00,
    0x00, 0x00, 0x00, 0x00, 0x00, 0x00, 0x00, 0x00, 0xff, 0xff, 0xff, 0x03, 0x00, 0x00, 0x00, 0x00,
    0xf3, 0xf0, 0xf3, 0x56, 0xf7, 0xf7, 0xf8, 0xe6, 0xff, 0xff, 0xff, 0xff, 0xf3, 0xf3, 0xf3, 0xfe,
    0xf1, 0xf1, 0xf1, 0xfc, 0xef, 0xef, 0xef, 0xff, 0xec, 0xec, 0xec, 0xff, 0xea, 0xea, 0xea, 0xff,
    0xe9, 0xe9, 0xe9, 0xff, 0xe4, 0xe4, 0xe4, 0xff, 0xe1, 0xe1, 0xe1, 0xff, 0xdf, 0xdf, 0xdf, 0xff,
    0xdd, 0xdd, 0xdd, 0xff, 0xd9, 0xd9, 0xd9, 0xff, 0xd5, 0xd5, 0xd5, 0xff, 0xd3, 0xd3, 0xd3, 0xff,
    0xd0, 0xd0, 0xd0, 0xff, 0xcc, 0xcc, 0xcc, 0xfe, 0xca, 0xca, 0xca, 0xfb, 0xc4, 0xc4, 0xc4, 0xfd,
    0xbe, 0xbe, 0xbe, 0xff, 0xba, 0xba, 0xba, 0xff, 0xbb, 0xba, 0xbb, 0xff, 0xa7, 0xa7, 0xa9, 0xff,
    0x9c, 0x9a, 0xa0, 0x7f, 0xd5, 0xd1, 0xd5, 0x3d, 0xcd, 0xca, 0xcd, 0x58, 0xc6, 0xc6, 0xc6, 0x6d,
    0xc7, 0xc7, 0xc7, 0x80, 0xc7, 0xc5, 0xc7, 0x8f, 0xc5, 0xc4, 0xc5, 0x98, 0xc7, 0xc5, 0xc7, 0x97,
    0xc7, 0xc5, 0xc5, 0x92, 0xc6, 0xc6, 0xc6, 0x8c, 0xc7, 0xc5, 0xc7, 0x85, 0xc7, 0xc7, 0xc7, 0x7b,
    0xc7, 0xc7, 0xc7, 0x6f, 0xcb, 0xc8, 0xcb, 0x63, 0xcf, 0xcc, 0xcf, 0x4b, 0xce, 0xce, 0xce, 0x2f,
    0xcf, 0xcf, 0xcf, 0x1b, 0xbf, 0xbf, 0xbf, 0x04, 0x00, 0x00, 0x00, 0x00, 0x00, 0x00, 0x00, 0x00,
    0x00, 0x00, 0x00, 0x00, 0x00, 0x00, 0x00, 0x00, 0x7f, 0x7f, 0x7f, 0x02, 0xff, 0xff, 0xff, 0x01,
    0x00, 0x00, 0x00, 0x00, 0x00, 0x00, 0x00, 0x00, 0x00, 0x00, 0x00, 0x00, 0x00, 0x00, 0x00, 0x00,
    0x00, 0x00, 0x00, 0x00, 0x00, 0x00, 0x00, 0x00, 0x00, 0x00, 0x00, 0x00, 0x00, 0x00, 0x00, 0x00,
    0x00, 0x00, 0x00, 0x00, 0x00, 0x00, 0x00, 0x00, 0x00, 0x00, 0x00, 0x00, 0x00, 0x00, 0x00, 0x00,
    0x00, 0x00, 0x00, 0x00, 0x00, 0x00, 0x00, 0x00, 0x00, 0x00, 0x00, 0x00, 0x00, 0x00, 0x00, 0x00,
    0x00, 0x00, 0x00, 0x00, 0x00, 0x00, 0x00, 0x00, 0x00, 0x00, 0x00, 0x00, 0x00, 0x00, 0x00, 0x00,
    0x00, 0x00, 0x00, 0x00, 0x00, 0x00, 0x00, 0x00, 0x00, 0x00, 0x00, 0x00, 0x00, 0x00, 0x00, 0x00,
    0xff, 0xff, 0xff, 0x03, 0x00, 0x00, 0x00, 0x00, 0xf4, 0xf2, 0xf4, 0x79, 0xff, 0xff, 0xff, 0xff,
    0xfa, 0xfa, 0xfa, 0xff, 0xf6, 0xf6, 0xf6, 0xfb, 0xf6, 0xf6, 0xf6, 0xff, 0xf3, 0xf3, 0xf3, 0xff,
    0xf0, 0xf0, 0xf0, 0xff, 0xee, 0xee, 0xee, 0xff, 0xeb, 0xeb, 0xeb, 0xff, 0xe9, 0xe9, 0xe9, 0xff,
    0xe5, 0xe5, 0xe5, 0xff, 0xe2, 0xe2, 0xe2, 0xff, 0xdf, 0xdf, 0xdf, 0xff, 0xdc, 0xdc, 0xdc, 0xff,
    0xda, 0xda, 0xda, 0xff, 0xd6, 0xd6, 0xd6, 0xff, 0xd2, 0xd2, 0xd2, 0xfd, 0xcf, 0xcf, 0xcf, 0xfc,
    0xcf, 0xcf, 0xcf, 0xff, 0xd6, 0xd6, 0xd6, 0xff, 0xcc, 0xcc, 0xcc, 0xff, 0xba, 0xba, 0xbd, 0xe7,
    0xb1, 0xb1, 0xb4, 0xa4, 0xb0, 0xb0, 0xa8, 0x5e, 0xd5, 0xce, 0x89, 0x25, 0xf5, 0xf5, 0x93, 0x1a,
    0xd0, 0xcd, 0xd0, 0x58, 0xcd, 0xcd, 0xcc, 0xc8, 0xc6, 0xc4, 0xc6, 0x9e, 0xc6, 0xc4, 0xc6, 0x75,
    0xc7, 0xc7, 0xc4, 0x69, 0xc5, 0xc2, 0xc5, 0x5d, 0xc5, 0xc5, 0xc5, 0x4b, 0xc1, 0xc1, 0xc1, 0x3e,
    0xc7, 0xc7, 0xc7, 0x3c, 0xc7, 0xc7, 0xc7, 0x3c, 0xc1, 0xc5, 0xc5, 0x42, 0xc5, 0xc5, 0xc5, 0x4b,
    0xc3, 0xc3, 0xc3, 0x56, 0xca, 0xca, 0xca, 0x62, 0xc7, 0xc7, 0xca, 0x6a, 0xc8, 0xc8, 0xc8, 0x6c,
    0xc9, 0xc7, 0xc7, 0x69, 0xc7, 0xc7, 0xc7, 0x58, 0xcd, 0xcd, 0xcd, 0x3e, 0xcf, 0xcf, 0xcf, 0x20,
    0xcc, 0xcc, 0xcc, 0x05, 0x00, 0x00, 0x00, 0x00, 0x00, 0x00, 0x00, 0x00, 0x00, 0x00, 0x00, 0x00,
    0xff, 0xff, 0xff, 0x01, 0x00, 0x00, 0x00, 0x00, 0x00, 0x00, 0x00, 0x00, 0x00, 0x00, 0x00, 0x00,
    0x00, 0x00, 0x00, 0x00, 0x00, 0x00, 0x00, 0x00, 0x00, 0x00, 0x00, 0x00, 0x00, 0x00, 0x00, 0x00,
    0x00, 0x00, 0x00, 0x00, 0x00, 0x00, 0x00, 0x00, 0x00, 0x00, 0x00, 0x00, 0x00, 0x00, 0x00, 0x00,
    0x00, 0x00, 0x00, 0x00, 0x00, 0x00, 0x00, 0x00, 0x00, 0x00, 0x00, 0x00, 0x00, 0x00, 0x00, 0x00,
    0x00, 0x00, 0x00, 0x00, 0x00, 0x00, 0x00, 0x00, 0x00, 0x00, 0x00, 0x00, 0x00, 0x00, 0x00, 0x00,
    0x00, 0x00, 0x00, 0x00, 0x00, 0x00, 0x00, 0x00, 0xff, 0xff, 0xff, 0x03, 0x00, 0x00, 0x00, 0x00,
    0xeb, 0xeb, 0xee, 0x78, 0xff, 0xff, 0xff, 0xff, 0xf6, 0xf6, 0xf6, 0xfc, 0xf7, 0xf7, 0xf7, 0xfd,
    0xfb, 0xfb, 0xfb, 0xff, 0xf8, 0xf8, 0xf8, 0xff, 0xf4, 0xf4, 0xf4, 0xff, 0xf2, 0xf2, 0xf2, 0xff,
    0xee, 0xee, 0xee, 0xff, 0xeb, 0xeb, 0xeb, 0xff, 0xe8, 0xe8, 0xe8, 0xff, 0xe5, 0xe5, 0xe5, 0xff,
    0xe2, 0xe2, 0xe2, 0xff, 0xdf, 0xdf, 0xdf, 0xff, 0xdc, 0xdc, 0xdc, 0xff, 0xda, 0xda, 0xda, 0xfd,
    0xd5, 0xd5, 0xd5, 0xfc, 0xd7, 0xd7, 0xd7, 0xff, 0xdd, 0xdd, 0xdd, 0xff, 0xcd, 0xcd, 0xce, 0xef,
    0xc7, 0xc7, 0xcb, 0xa4, 0xc9, 0xc9, 0xc9, 0x47, 0xff, 0xff, 0x00, 0x02, 0x00, 0x00, 0x00, 0x00,
    0x00, 0x00, 0xff, 0x09, 0x23, 0x1a, 0xe1, 0x4e, 0x1f, 0x1b, 0xd3, 0x92, 0x16, 0x17, 0xcf, 0xcd,
    0x21, 0x1e, 0xc6, 0xb1, 0x00, 0x00, 0x00, 0x00, 0x00, 0x00, 0x00, 0x00, 0x00, 0x00, 0x00, 0x00,
    0x00, 0x00, 0x00, 0x00, 0x00, 0x00, 0x00, 0x00, 0x00, 0x00, 0x00, 0x00, 0x00, 0x00, 0x00, 0x00,
    0x00, 0x00, 0x00, 0x00, 0x00, 0x00, 0x00, 0x00, 0x00, 0x00, 0x00, 0x00, 0x00, 0x00, 0x00, 0x00,
    0x00, 0x00, 0x00, 0x00, 0x00, 0x00, 0x00, 0x00, 0x00, 0x00, 0x00, 0x00, 0xbf, 0xbf, 0xbf, 0x04,
    0xc9, 0xc9, 0xc9, 0x18, 0xc9, 0xc9, 0xc9, 0x2b, 0xc9, 0xc9, 0xc9, 0x47, 0xcc, 0xc9, 0xcc, 0x55,
    0xcb, 0xcb, 0xcb, 0x40, 0xd1, 0xd1, 0xd1, 0x1c, 0xff, 0xff, 0xff, 0x01, 0x00, 0x00, 0x00, 0x00,
    0x00, 0x00, 0x00, 0x00, 0xff, 0xff, 0xff, 0x01, 0x00, 0x00, 0x00, 0x00, 0x00, 0x00, 0x00, 0x00,
    0x00, 0x00, 0x00, 0x00, 0x00, 0x00, 0x00, 0x00, 0x00, 0x00, 0x00, 0x00, 0x00, 0x00, 0x00, 0x00,
    0x00, 0x00, 0x00, 0x00, 0x00, 0x00, 0x00, 0x00, 0x00, 0x00, 0x00, 0x00, 0x00, 0x00, 0x00, 0x00,
    0x00, 0x00, 0x00, 0x00, 0x00, 0x00, 0x00, 0x00, 0x00, 0x00, 0x00, 0x00, 0x00, 0x00, 0x00, 0x00,
    0x00, 0x00, 0x00, 0x00, 0x00, 0x00, 0x00, 0x00, 0x00, 0x00, 0x00, 0x00, 0x00, 0x00, 0x00, 0x00,
    0xff, 0xff, 0xff, 0x03, 0x00, 0x00, 0x00, 0x00, 0xe7, 0xe4, 0xe7, 0x4d, 0xf8, 0xf8, 0xf8, 0xff,
    0xf7, 0xf6, 0xf7, 0xcf, 0xf4, 0xf4, 0xf4, 0xfa, 0xf8, 0xf8, 0xf8, 0xff, 0xf9, 0xf9, 0xf9, 0xff,
    0xf8, 0xf8, 0xf8, 0xff, 0xf5, 0xf5, 0xf5, 0xff, 0xf1, 0xf1, 0xf1, 0xff, 0xee, 0xee, 0xee, 0xff,
    0xec, 0xec, 0xec, 0xff, 0xe8, 0xe8, 0xe8, 0xff, 0xe5, 0xe5, 0xe5, 0xff, 0xe2, 0xe2, 0xe2, 0xff,
    0xdf, 0xdf, 0xdf, 0xfe, 0xdb, 0xdb, 0xdb, 0xfb, 0xdf, 0xdf, 0xdf, 0xff, 0xe2, 0xe2, 0xe2, 0xff,
    0xd3, 0xd3, 0xd3, 0xde, 0xce, 0xce, 0xd4, 0x7d, 0xe1, 0xe1, 0xcd, 0x1a, 0x00, 0x00, 0x00, 0x00,
    0x00, 0x00, 0x00, 0x00, 0x23, 0x20, 0xe4, 0x4e, 0x23, 0x21, 0xde, 0xad, 0x21, 0x1d, 0xdc, 0xf1,
    0x24, 0x1d, 0xe8, 0xff, 0x22, 0x1c, 0xe5, 0xff, 0x1f, 0x1d, 0xd8, 0xff, 0x23, 0x20, 0xdf, 0xff,
    0x28, 0x27, 0xc6, 0xa3, 0xff, 0xff, 0x7f, 0x02, 0x6d, 0x6d, 0xb6, 0x07, 0xaa, 0xaa, 0xff, 0x03,
    0xaa, 0xaa, 0xaa, 0x03, 0xff, 0xff, 0xff, 0x02, 0xff, 0xff, 0xff, 0x02, 0xff, 0xff, 0xff, 0x02,
    0xff, 0xff, 0xff, 0x02, 0xaa, 0xaa, 0xaa, 0x03, 0xaa, 0xaa, 0xaa, 0x03, 0xaa, 0xaa, 0xaa, 0x03,
    0xaa, 0xaa, 0xaa, 0x03, 0xff, 0xff, 0xff, 0x02, 0x00, 0x00, 0x00, 0x00, 0x00, 0x00, 0x00, 0x00,
    0x00, 0x00, 0x00, 0x00, 0x00, 0x00, 0x00, 0x00, 0xff, 0xff, 0xff, 0x01, 0xcd, 0xcd, 0xcd, 0x1a,
    0xcd, 0xcd, 0xcd, 0x33, 0xd1, 0xd1, 0xd5, 0x43, 0xd2, 0xd2, 0xd2, 0x2e, 0xd4, 0xd4, 0xd4, 0x06,
    0x00, 0x00, 0x00, 0x00, 0x00, 0x00, 0x00, 0x00, 0xff, 0xff, 0xff, 0x01, 0x00, 0x00, 0x00, 0x00,
    0x00, 0x00, 0x00, 0x00, 0x00, 0x00, 0x00, 0x00, 0x00, 0x00, 0x00, 0x00, 0x00, 0x00, 0x00, 0x00,
    0x00, 0x00, 0x00, 0x00, 0x00, 0x00, 0x00, 0x00, 0x00, 0x00, 0x00, 0x00, 0x00, 0x00, 0x00, 0x00,
    0x00, 0x00, 0x00, 0x00, 0x00, 0x00, 0x00, 0x00, 0x00, 0x00, 0x00, 0x00, 0x00, 0x00, 0x00, 0x00,
    0x00, 0x00, 0x00, 0x00, 0x00, 0x00, 0x00, 0x00, 0x7f, 0x7f, 0x7f, 0x02, 0x00, 0x00, 0x00, 0x00,
    0xec, 0xe2, 0xec, 0x1b, 0xef, 0xef, 0xf0, 0xec, 0xf0, 0xf1, 0xf0, 0xea, 0xf2, 0xef, 0xef, 0x50,
    0xf4, 0xf4, 0xf4, 0xfb, 0xf6, 0xf6, 0xf6, 0xff, 0xf5, 0xf5, 0xf5, 0xff, 0xf5, 0xf5, 0xf5, 0xff,
    0xf3, 0xf3, 0xf3, 0xff, 0xf0, 0xf0, 0xf0, 0xff, 0xee, 0xee, 0xee, 0xff, 0xec, 0xec, 0xec, 0xff,
    0xe8, 0xe8, 0xe8, 0xff, 0xe5, 0xe5, 0xe5, 0xff, 0xe0, 0xe0, 0xe0, 0xfd, 0xdf, 0xdf, 0xdf, 0xff,
    0xe8, 0xe9, 0xe8, 0xff, 0xdb, 0xdb, 0xdb, 0xde, 0xd2, 0xd5, 0xd9, 0x6e, 0xd4, 0xd4, 0xd4, 0x0c,
    0x00, 0x00, 0x00, 0x00, 0x00, 0x13, 0xc4, 0x0d, 0x2a, 0x33, 0xe5, 0x77, 0x1d, 0x1e, 0xeb, 0xd9,
    0x1f, 0x1b, 0xf1, 0xff, 0x1e, 0x19, 0xf2, 0xff, 0x1c, 0x18, 0xe3, 0xff, 0x1e, 0x17, 0xdb, 0xfc,
    0x1d, 0x1b, 0xd6, 0xfb, 0x1e, 0x1c, 0xd1, 0xfd, 0x1f, 0x1d, 0xcd, 0xfa, 0x21, 0x1f, 0xd6, 0xff,
    0x22, 0x22, 0xbe, 0x6e, 0x00, 0x00, 0x00, 0x00, 0x00, 0x00, 0xaa, 0x03, 0x00, 0x00, 0x00, 0x00,
    0x00, 0x00, 0x00, 0x00, 0x00, 0x00, 0x00, 0x00, 0x00, 0x00, 0x00, 0x00, 0x00, 0x00, 0x00, 0x00,
    0x00, 0x00, 0x00, 0x00, 0x00, 0x00, 0x00, 0x00, 0x00, 0x00, 0x00, 0x00, 0x00, 0x00, 0x00, 0x00,
    0x00, 0x00, 0x00, 0x00, 0x00, 0x00, 0x00, 0x00, 0xff, 0xff, 0xff, 0x01, 0x7f, 0x7f, 0x7f, 0x02,
    0xff, 0xff, 0xff, 0x02, 0x00, 0x00, 0x00, 0x00, 0x00, 0x00, 0x00, 0x00, 0x00, 0x00, 0x00, 0x00,
    0xdf, 0xdf, 0xbf, 0x08, 0xd1, 0xd1, 0xd1, 0x27, 0xd5, 0xd5, 0xd5, 0x3d, 0xd3, 0xcd, 0xd3, 0x29,
    0xff, 0xff, 0xff, 0x02, 0x00, 0x00, 0x00, 0x00, 0x00, 0x00, 0x00, 0x00, 0x00, 0x00, 0x00, 0x00,
    0x00, 0x00, 0x00, 0x00, 0x00, 0x00, 0x00, 0x00, 0x00, 0x00, 0x00, 0x00, 0x00, 0x00, 0x00, 0x00,
    0x00, 0x00, 0x00, 0x00, 0x00, 0x00, 0x00, 0x00, 0x00, 0x00, 0x00, 0x00, 0x00, 0x00, 0x00, 0x00,
    0x00, 0x00, 0x00, 0x00, 0x00, 0x00, 0x00, 0x00, 0x00, 0x00, 0x00, 0x00, 0x00, 0x00, 0x00, 0x00,
    0x00, 0x00, 0x00, 0x00, 0xaa, 0xaa, 0xaa, 0x03, 0xff, 0xff, 0xff, 0x01, 0xe5, 0xe5, 0xe5, 0xb5,
    0xff, 0xff, 0xff, 0xff, 0xed, 0xeb, 0xed, 0xc7, 0xef, 0xea, 0xef, 0x32, 0xf1, 0xf0, 0xf0, 0xfd,
    0xf4, 0xf4, 0xf4, 0xff, 0xf3, 0xf3, 0xf3, 0xff, 0xf2, 0xf2, 0xf2, 0xff, 0xf1, 0xf1, 0xf1, 0xff,
    0xee, 0xee, 0xee, 0xff, 0xed, 0xed, 0xed, 0xff, 0xeb, 0xeb, 0xeb, 0xff, 0xe8, 0xe8, 0xe8, 0xff,
    0xe2, 0xe2, 0xe2, 0xfc, 0xe9, 0xe9, 0xe9, 0xff, 0xe1, 0xe1, 0xe1, 0xfa, 0xda, 0xda, 0xdb, 0x8a,
    0xc9, 0xc9, 0xe4, 0x13, 0x00, 0x00, 0x00, 0x00, 0x55, 0x55, 0xaa, 0x06, 0x3c, 0x4e, 0xe8, 0x72,
    0x27, 0x3b, 0xef, 0xe3, 0x1e, 0x28, 0xfb, 0xff, 0x19, 0x17, 0xf6, 0xff, 0x1e, 0x17, 0xea, 0xfc,
    0x1f, 0x17, 0xe4, 0xfc, 0x1d, 0x17, 0xde, 0xfe, 0x1d, 0x18, 0xda, 0xff, 0x1d, 0x1b, 0xd5, 0xff,
    0x1f, 0x1c, 0xcf, 0xff, 0x22, 0x1c, 0xcb, 0xfe, 0x21, 0x1e, 0xcb, 0xfc, 0x23, 0x21, 0xc5, 0xf6,
    0x29, 0x23, 0xb7, 0x2b, 0x00, 0x00, 0x00, 0x00, 0x00, 0x00, 0xff, 0x02, 0x00, 0x00, 0x00, 0x00,
    0x00, 0x00, 0x00, 0x00, 0x00, 0x00, 0x00, 0x00, 0x00, 0x00, 0x00, 0x00, 0x00, 0x00, 0x00, 0x00,
    0x00, 0x00, 0x00, 0x00, 0x00, 0x00, 0x00, 0x00, 0x00, 0x00, 0x00, 0x00, 0x00, 0x00, 0x00, 0x00,
    0x00, 0x00, 0x00, 0x00, 0x00, 0x00, 0x00, 0x00, 0x00, 0x00, 0x00, 0x00, 0x00, 0x00, 0x00, 0x00,
    0x00, 0x00, 0x00, 0x00, 0xff, 0xff, 0xff, 0x01, 0xff, 0xff, 0xff, 0x01, 0x00, 0x00, 0x00, 0x00,
    0x00, 0x00, 0x00, 0x00, 0xaa, 0xaa, 0xaa, 0x03, 0xd6, 0xd6, 0xd6, 0x26, 0xdd, 0xdd, 0xe2, 0x35,
    0xe6, 0xda, 0xe6, 0x15, 0x00, 0x00, 0x00, 0x00, 0x00, 0x00, 0x00, 0x00, 0x00, 0x00, 0x00, 0x00,
    0x00, 0x00, 0x00, 0x00, 0x00, 0x00, 0x00, 0x00, 0x00, 0x00, 0x00, 0x00, 0x00, 0x00, 0x00, 0x00,
    0x00, 0x00, 0x00, 0x00, 0x00, 0x00, 0x00, 0x00, 0x00, 0x00, 0x00, 0x00, 0x00, 0x00, 0x00, 0x00,
    0x00, 0x00, 0x00, 0x00, 0x00, 0x00, 0x00, 0x00, 0x00, 0x00, 0x00, 0x00, 0xff, 0xff, 0xff, 0x03,
    0x00, 0x00, 0x00, 0x00, 0xe4, 0xe1, 0xe1, 0x5f, 0xf1, 0xf1, 0xf1, 0xff, 0xf1, 0xf1, 0xf1, 0xfe,
    0xeb, 0xeb, 0xeb, 0xb8, 0xef, 0xef, 0xef, 0x20, 0xee, 0xed, 0xed, 0xfa, 0xf0, 0xf0, 0xf0, 0xff,
    0xef, 0xef, 0xef, 0xfe, 0xf0, 0xf0, 0xf0, 0xff, 0xee, 0xee, 0xee, 0xff, 0xed, 0xed, 0xed, 0xff,
    0xea, 0xea, 0xea, 0xff, 0xe8, 0xe8, 0xe8, 0xff, 0xe5, 0xe5, 0xe5, 0xfb, 0xf0, 0xf0, 0xf0, 0xff,
    0xe3, 0xe3, 0xe3, 0xd3, 0xd7, 0xd7, 0xdb, 0x3a, 0x00, 0x00, 0x00, 0x00, 0x00, 0x00, 0x00, 0x00,
    0x53, 0x68, 0xe7, 0x4c, 0x3a, 0x56, 0xf1, 0xd2, 0x2d, 0x47, 0xfd, 0xff, 0x25, 0x35, 0xf8, 0xff,
    0x1b, 0x1f, 0xed, 0xfb, 0x19, 0x15, 0xeb, 0xfd, 0x1f, 0x18, 0xea, 0xff, 0x1d, 0x17, 0xe1, 0xff,
    0x1e, 0x18, 0xdd, 0xff, 0x1e, 0x19, 0xda, 0xff, 0x1f, 0x1a, 0xd5, 0xff, 0x22, 0x1b, 0xcf, 0xff,
    0x24, 0x1c, 0xcb, 0xff, 0x22, 0x1e, 0xc6, 0xfc, 0x24, 0x22, 0xcc, 0xff, 0x26, 0x22, 0xba, 0xb9,
    0x01, 0x01, 0x00, 0x00, 0x00, 0x00, 0xff, 0x02, 0x00, 0x00, 0x00, 0x00, 0x00, 0x00, 0x00, 0x00,
    0x00, 0x00, 0x00, 0x00, 0x00, 0x00, 0x00, 0x00, 0x00, 0x00, 0x00, 0x00, 0x00, 0x00, 0x00, 0x00,
    0x00, 0x00, 0x00, 0x00, 0x00, 0x00, 0x00, 0x00, 0x00, 0x00, 0x00, 0x00, 0x00, 0x00, 0x00, 0x00,
    0x00, 0x00, 0x00, 0x00, 0x00, 0x00, 0x00, 0x00, 0x00, 0x00, 0x00, 0x00, 0x00, 0x00, 0x00, 0x00,
    0x00, 0x00, 0x00, 0x00, 0x00, 0x00, 0x00, 0x00, 0x00, 0x00, 0x00, 0x00, 0xff, 0xff, 0xff, 0x01,
    0x00, 0x00, 0x00, 0x00, 0x00, 0x00, 0x00, 0x00, 0xdf, 0xdf, 0xdf, 0x08, 0xd9, 0xd9, 0xdf, 0x30,
    0xd6, 0xd6, 0xd6, 0x13, 0xff, 0xff, 0xff, 0x01, 0xff, 0xff, 0xff, 0x01, 0x00, 0x00, 0x00, 0x00,
    0x00, 0x00, 0x00, 0x00, 0x00, 0x00, 0x00, 0x00, 0x00, 0x00, 0x00, 0x00, 0x00, 0x00, 0x00, 0x00,
    0x00, 0x00, 0x00, 0x00, 0x00, 0x00, 0x00, 0x00, 0x00, 0x00, 0x00, 0x00, 0x00, 0x00, 0x00, 0x00,
    0x00, 0x00, 0x00, 0x00, 0xff, 0xff, 0xff, 0x01, 0xff, 0xff, 0xff, 0x01, 0xe5, 0xe5, 0xe5, 0x0a,
    0xe1, 0xe1, 0xe1, 0xdd, 0xe9, 0xe9, 0xe9, 0xfe, 0xf2, 0xf2, 0xf2, 0xff, 0xe9, 0xe9, 0xe9, 0xb1,
    0xf3, 0xf3, 0xf3, 0x17, 0xed, 0xec, 0xec, 0xf6, 0xf0, 0xf0, 0xf0, 0xff, 0xed, 0xed, 0xed, 0xfe,
    0xec, 0xec, 0xec, 0xff, 0xec, 0xec, 0xec, 0xff, 0xec, 0xec, 0xec, 0xff, 0xe7, 0xe7, 0xe7, 0xfe,
    0xe7, 0xe7, 0xe7, 0xfb, 0xf3, 0xf3, 0xf3, 0xff, 0xe5, 0xe5, 0xe5, 0xab, 0xb8, 0xc6, 0xd4, 0x12,
    0x00, 0x00, 0x00, 0x00, 0xa2, 0xa2, 0xb9, 0x0b, 0x4b, 0x6b, 0xed, 0x91, 0x3f, 0x5d, 0xf8, 0xff,
    0x33, 0x4f, 0xfb, 0xff, 0x29, 0x41, 0xf0, 0xfb, 0x22, 0x30, 0xee, 0xfe, 0x1a, 0x1c, 0xed, 0xff,
    0x1c, 0x16, 0xeb, 0xff, 0x1d, 0x18, 0xe6, 0xff, 0x1c, 0x19, 0xe0, 0xff, 0x1f, 0x18, 0xdc, 0xff,
    0x1e, 0x1a, 0xd8, 0xff, 0x1d, 0x1c, 0xd3, 0xff, 0x21, 0x1c, 0xcf, 0xff, 0x22, 0x1c, 0xcb, 0xff,
    0x23, 0x1f, 0xc7, 0xff, 0x24, 0x1e, 0xc3, 0xfc, 0x26, 0x22, 0xc5, 0xff, 0x26, 0x26, 0xb1, 0x48,
    0x00, 0x00, 0x00, 0x00, 0x00, 0x00, 0xaa, 0x03, 0x00, 0x00, 0x00, 0x00, 0x00, 0x00, 0x00, 0x00,
    0x00, 0x00, 0x00, 0x00, 0x00, 0x00, 0x00, 0x00, 0x00, 0x00, 0x00, 0x00, 0x00, 0x00, 0x00, 0x00,
    0x00, 0x00, 0x00, 0x00, 0x00, 0x00, 0x00, 0x00, 0x00, 0x00, 0x00, 0x00, 0x00, 0x00, 0x00, 0x00,
    0x00, 0x00, 0x00, 0x00, 0x00, 0x00, 0x00, 0x00, 0x00, 0x00, 0x00, 0x00, 0x00, 0x00, 0x00, 0x00,
    0x00, 0x00, 0x00, 0x00, 0x00, 0x00, 0x00, 0x00, 0x00, 0x00, 0x00, 0x00, 0x00, 0x00, 0x00, 0x00,
    0xff, 0xff, 0xff, 0x01, 0x00, 0x00, 0x00, 0x00, 0x00, 0x00, 0x00, 0x00, 0xc6, 0xc6, 0xe2, 0x09,
    0xff, 0xff, 0xff, 0x04, 0x00, 0x00, 0x00, 0x00, 0x00, 0x00, 0x00, 0x00, 0x00, 0x00, 0x00, 0x00,
    0x00, 0x00, 0x00, 0x00, 0x00, 0x00, 0x00, 0x00, 0x00, 0x00, 0x00, 0x00, 0x00, 0x00, 0x00, 0x00,
    0x00, 0x00, 0x00, 0x00, 0x00, 0x00, 0x00, 0x00, 0x00, 0x00, 0x00, 0x00, 0x00, 0x00, 0x00, 0x00,
    0xbf, 0xbf, 0xbf, 0x04, 0x00, 0x00, 0x00, 0x00, 0xdc, 0xdc, 0xdc, 0x61, 0xed, 0xed, 0xed, 0xff,
    0xe2, 0xe2, 0xe2, 0xf9, 0xf1, 0xf1, 0xf1, 0xff, 0xe6, 0xe6, 0xe6, 0xb2, 0xff, 0xff, 0xff, 0x0b,
    0xea, 0xea, 0xea, 0xee, 0xef, 0xef, 0xef, 0xff, 0xea, 0xea, 0xea, 0xfe, 0xeb, 0xeb, 0xeb, 0xff,
    0xea, 0xea, 0xea, 0xff, 0xe7, 0xe7, 0xe7, 0xfe, 0xe7, 0xe7, 0xe7, 0xfc, 0xf1, 0xf1, 0xf1, 0xff,
    0xe4, 0xe4, 0xe4, 0x88, 0x00, 0x00, 0x00, 0x01, 0x00, 0x00, 0x00, 0x00, 0x66, 0x7b, 0xda, 0x23,
    0x4d, 0x6e, 0xf3, 0xc5, 0x44, 0x68, 0xff, 0xff, 0x36, 0x54, 0xf0, 0xfd, 0x2f, 0x47, 0xef, 0xfd,
    0x26, 0x39, 0xf1, 0xff, 0x1f, 0x2a, 0xee, 0xff, 0x19, 0x1a, 0xed, 0xff, 0x1c, 0x17, 0xea, 0xff,
    0x1d, 0x18, 0xe5, 0xff, 0x1b, 0x18, 0xde, 0xff, 0x1f, 0x19, 0xdc, 0xff, 0x1d, 0x1a, 0xd7, 0xff,
    0x1e, 0x1c, 0xd3, 0xff, 0x20, 0x1d, 0xcf, 0xff, 0x21, 0x1c, 0xcb, 0xff, 0x23, 0x1f, 0xc8, 0xff,
    0x24, 0x1f, 0xc4, 0xfc, 0x24, 0x20, 0xc8, 0xfe, 0x21, 0x21, 0xb4, 0xb5, 0x00, 0x00, 0x00, 0x00,
    0x00, 0x00, 0xff, 0x02, 0x00, 0x00, 0x00, 0x00, 0x00, 0x00, 0x00, 0x00, 0x00, 0x00, 0x00, 0x00,
    0x00, 0x00, 0x00, 0x00, 0x00, 0x00, 0x00, 0x00, 0x00, 0x00, 0x00, 0x00, 0x00, 0x00, 0x00, 0x00,
    0x00, 0x00, 0x00, 0x00, 0x00, 0x00, 0x00, 0x00, 0x00, 0x00, 0x00, 0x00, 0x00, 0x00, 0x00, 0x00,
    0x00, 0x00, 0x00, 0x00, 0x00, 0x00, 0x00, 0x00, 0x00, 0x00, 0x00, 0x00, 0x00, 0x00, 0x00, 0x00,
    0x00, 0x00, 0x00, 0x00, 0x00, 0x00, 0x00, 0x00, 0x00, 0x00, 0x00, 0x00, 0x00, 0x00, 0x00, 0x00,
    0x00, 0x00, 0x00, 0x00, 0xff, 0xff, 0xff, 0x01, 0x00, 0x00, 0x00, 0x00, 0x00, 0x00, 0x00, 0x00,
    0x00, 0x00, 0x00, 0x00, 0x00, 0x00, 0x00, 0x00, 0x00, 0x00, 0x00, 0x00, 0x00, 0x00, 0x00, 0x00,
    0x00, 0x00, 0x00, 0x00, 0x00, 0x00, 0x00, 0x00, 0x00, 0x00, 0x00, 0x00, 0x00, 0x00, 0x00, 0x00,
    0x00, 0x00, 0x00, 0x00, 0x00, 0x00, 0x00, 0x00, 0x00, 0x00, 0x00, 0x00, 0xff, 0xff, 0xff, 0x01,
    0x7f, 0x7f, 0x7f, 0x02, 0xdc, 0xda, 0xdc, 0xc5, 0xe8, 0xe8, 0xe8, 0xfe, 0xe1, 0xe1, 0xe1, 0xf9,
    0xec, 0xec, 0xec, 0xff, 0xe2, 0xe2, 0xe2, 0xc2, 0x00, 0x00, 0x00, 0x00, 0xe6, 0xe5, 0xe5, 0xd3,
    0xef, 0xef, 0xef, 0xff, 0xe6, 0xe6, 0xe6, 0xfd, 0xe8, 0xe8, 0xe8, 0xff, 0xe7, 0xe6, 0xe6, 0xfe,
    0xe6, 0xe7, 0xe7, 0xfb, 0xee, 0xee, 0xee, 0xff, 0xe5, 0xe5, 0xe5, 0x76, 0x00, 0x00, 0x00, 0x00,
    0x00, 0x00, 0x00, 0x00, 0x63, 0x79, 0xe5, 0x3b, 0x52, 0x72, 0xf4, 0xe4, 0x47, 0x69, 0xff, 0xff,
    0x3c, 0x58, 0xf2, 0xfa, 0x33, 0x4e, 0xf1, 0xff, 0x2c, 0x41, 0xf1, 0xff, 0x23, 0x33, 0xf0, 0xff,
    0x1c, 0x23, 0xef, 0xff, 0x18, 0x17, 0xee, 0xff, 0x1c, 0x18, 0xe9, 0xff, 0x1e, 0x19, 0xe5, 0xff,
    0x1c, 0x18, 0xde, 0xff, 0x1f, 0x19, 0xdc, 0xff, 0x1e, 0x1a, 0xd7, 0xff, 0x1e, 0x1c, 0xd2, 0xff,
    0x20, 0x1d, 0xce, 0xff, 0x23, 0x1d, 0xcb, 0xff, 0x22, 0x1e, 0xc8, 0xff, 0x24, 0x20, 0xc2, 0xfe,
    0x25, 0x21, 0xc1, 0xff, 0x23, 0x22, 0xb9, 0xff, 0x2c, 0x1f, 0xac, 0x28, 0x00, 0x00, 0x00, 0x00,
    0x00, 0x00, 0x7f, 0x02, 0x00, 0x00, 0x00, 0x00, 0x00, 0x00, 0x00, 0x00, 0x00, 0x00, 0x00, 0x00,
    0x00, 0x00, 0x00, 0x00, 0x00, 0x00, 0x00, 0x00, 0x00, 0x00, 0x00, 0x00, 0x00, 0x00, 0x00, 0x00,
    0x00, 0x00, 0x00, 0x00, 0x00, 0x00, 0x00, 0x00, 0x00, 0x00, 0x00, 0x00, 0x00, 0x00, 0x00, 0x00,
    0x00, 0x00, 0x00, 0x00, 0x00, 0x00, 0x00, 0x00, 0x00, 0x00, 0x00, 0x00, 0x00, 0x00, 0x00, 0x00,
    0x00, 0x00, 0x00, 0x00, 0x00, 0x00, 0x00, 0x00, 0x00, 0x00, 0x00, 0x00, 0x00, 0x00, 0x00, 0x00,
    0x00, 0x00, 0x00, 0x00, 0x00, 0x00, 0x00, 0x00, 0x00, 0x00, 0x00, 0x00, 0x00, 0x00, 0x00, 0x00,
    0x00, 0x00, 0x00, 0x00, 0x00, 0x00, 0x00, 0x00, 0x00, 0x00, 0x00, 0x00, 0x00, 0x00, 0x00, 0x00,
    0x00, 0x00, 0x00, 0x00, 0x00, 0x00, 0x00, 0x00, 0x00, 0x00, 0x00, 0x00, 0x00, 0x00, 0x00, 0x00,
    0x00, 0x00, 0x00, 0x00, 0xff, 0xff, 0xff, 0x02, 0x00, 0x00, 0x00, 0x00, 0xdc, 0xd6, 0xdc, 0x2c,
    0xdb, 0xdb, 0xdb, 0xfb, 0xdb, 0xdb, 0xdb, 0xfe, 0xdd, 0xdd, 0xdd, 0xfd, 0xe6, 0xe6, 0xe6, 0xff,
    0xe2, 0xe1, 0xe2, 0xdd, 0x00, 0x00, 0x00, 0x00, 0xe4, 0xe4, 0xe4, 0x9c, 0xf3, 0xf3, 0xf3, 0xff,
    0xe5, 0xe5, 0xe5, 0xfb, 0xe4, 0xe4, 0xe4, 0xfe, 0xe5, 0xe4, 0xe4, 0xfb, 0xef, 0xef, 0xef, 0xff,
    0xe2, 0xe2, 0xe2, 0x73, 0x00, 0x00, 0x00, 0x00, 0x00, 0x00, 0x00, 0x00, 0x5f, 0x7d, 0xe7, 0x4b,
    0x51, 0x72, 0xf5, 0xf4, 0x49, 0x6b, 0xfb, 0xff, 0x3e, 0x5c, 0xf1, 0xfb, 0x36, 0x53, 0xf1, 0xff,
    0x2d, 0x46, 0xf1, 0xff, 0x26, 0x3a, 0xef, 0xff, 0x20, 0x2c, 0xef, 0xff, 0x1a, 0x1d, 0xee, 0xff,
    0x1b, 0x16, 0xec, 0xff, 0x1d, 0x18, 0xe7, 0xff, 0x1d, 0x19, 0xe4, 0xff, 0x1d, 0x19, 0xde, 0xff,
    0x20, 0x19, 0xda, 0xff, 0x20, 0x1b, 0xd5, 0xff, 0x1f, 0x1c, 0xd1, 0xff, 0x22, 0x1c, 0xcb, 0xff,
    0x24, 0x1e, 0xc8, 0xff, 0x22, 0x1e, 0xc5, 0xff, 0x23, 0x1f, 0xc3, 0xff, 0x25, 0x22, 0xbc, 0xee,
    0x28, 0x28, 0xbd, 0xd7, 0x25, 0x2a, 0xb1, 0x73, 0x00, 0x00, 0x00, 0x00, 0x00, 0x3f, 0xbf, 0x04,
    0x00, 0x00, 0x00, 0x00, 0x00, 0x00, 0x00, 0x00, 0x00, 0x00, 0x00, 0x00, 0x00, 0x00, 0x00, 0x00,
    0x00, 0x00, 0x00, 0x00, 0x00, 0x00, 0x00, 0x00, 0x00, 0x00, 0x00, 0x00, 0x00, 0x00, 0x00, 0x00,
    0x00, 0x00, 0x00, 0x00, 0x00, 0x00, 0x00, 0x00, 0x00, 0x00, 0x00, 0x00, 0x00, 0x00, 0x00, 0x00,
    0x00, 0x00, 0x00, 0x00, 0x00, 0x00, 0x00, 0x00, 0x00, 0x00, 0x00, 0x00, 0x00, 0x00, 0x00, 0x00,
    0x00, 0x00, 0x00, 0x00, 0x00, 0x00, 0x00, 0x00, 0x00, 0x00, 0x00, 0x00, 0x00, 0x00, 0x00, 0x00,
    0x00, 0x00, 0x00, 0x00, 0x00, 0x00, 0x00, 0x00, 0x00, 0x00, 0x00, 0x00, 0x00, 0x00, 0x00, 0x00,
    0x00, 0x00, 0x00, 0x00, 0x00, 0x00, 0x00, 0x00, 0x00, 0x00, 0x00, 0x00, 0x00, 0x00, 0x00, 0x00,
    0x00, 0x00, 0x00, 0x00, 0x00, 0x00, 0x00, 0x00, 0x00, 0x00, 0x00, 0x00, 0x00, 0x00, 0x00, 0x00,
    0xbf, 0xbf, 0xbf, 0x04, 0x00, 0x00, 0x00, 0x00, 0xd4, 0xd4, 0xd4, 0x6d, 0xe4, 0xe4, 0xe4, 0xff,
    0xd9, 0xd9, 0xd9, 0xfb, 0xda, 0xda, 0xda, 0xfe, 0xdf, 0xdf, 0xdf, 0xff, 0xde, 0xde, 0xde, 0xf2,
    0xe2, 0xe2, 0xe2, 0x09, 0xe2, 0xe2, 0xe2, 0x59, 0xee, 0xee, 0xee, 0xff, 0xe0, 0xe0, 0xe0, 0xfb,
    0xe0, 0xe0, 0xe0, 0xfb, 0xee, 0xee, 0xee, 0xff, 0xe0, 0xe0, 0xe0, 0x87, 0x00, 0x00, 0x00, 0x00,
    0x00, 0x00, 0x00, 0x00, 0x5f, 0x7b, 0xe2, 0x48, 0x51, 0x75, 0xf3, 0xf8, 0x47, 0x6a, 0xf5, 0xff,
    0x3f, 0x5f, 0xf1, 0xf9, 0x39, 0x56, 0xf2, 0xff, 0x31, 0x4a, 0xf1, 0xff, 0x2a, 0x3f, 0xf0, 0xff,
    0x24, 0x33, 0xef, 0xff, 0x1d, 0x22, 0xec, 0xfc, 0x1a, 0x17, 0xea, 0xfd, 0x1e, 0x18, 0xe9, 0xff,
    0x1e, 0x17, 0xe3, 0xff, 0x1c, 0x18, 0xdf, 0xfd, 0x1c, 0x17, 0xdb, 0xfc, 0x1e, 0x18, 0xd7, 0xfc,
    0x21, 0x1a, 0xd5, 0xfd, 0x1f, 0x1b, 0xd0, 0xfd, 0x22, 0x1c, 0xca, 0xfc, 0x24, 0x1e, 0xc8, 0xfe,
    0x23, 0x1e, 0xc3, 0xfc, 0x25, 0x20, 0xca, 0xff, 0x27, 0x27, 0xb7, 0xb5, 0x6d, 0x7f, 0x91, 0x0e,
    0x2b, 0x2c, 0xae, 0xb1, 0x00, 0x00, 0xff, 0x01, 0x00, 0x00, 0xff, 0x01, 0x00, 0x00, 0xff, 0x03,
    0x00, 0x00, 0xff, 0x02, 0x00, 0x00, 0xff, 0x03, 0x00, 0x00, 0xff, 0x01, 0x00, 0x00, 0x00, 0x00,
    0x00, 0x00, 0x00, 0x00, 0x00, 0x00, 0x00, 0x00, 0x00, 0x00, 0x7f, 0x02, 0x00, 0x00, 0xff, 0x03,
    0x00, 0x00, 0xff, 0x02, 0x00, 0x00, 0xff, 0x02, 0x55, 0x55, 0xff, 0x03, 0x00, 0x00, 0x00, 0x01,
    0x00, 0x00, 0x00, 0x00, 0x00, 0x00, 0x00, 0x00, 0x00, 0x00, 0x00, 0x00, 0x00, 0x00, 0xaa, 0x03,
    0x00, 0x00, 0xff, 0x02, 0x00, 0x00, 0xff, 0x03, 0x00, 0x00, 0xff, 0x02, 0x00, 0x00, 0xff, 0x03,
    0x00, 0x00, 0xff, 0x02, 0x00, 0x00, 0x00, 0x00, 0x00, 0x55, 0xff, 0x03, 0x00, 0x00, 0xaa, 0x03,
    0x00, 0x00, 0xff, 0x03, 0x55, 0x55, 0xff, 0x03, 0x00, 0x00, 0x00, 0x00, 0x00, 0x00, 0x00, 0x00,
    0x00, 0x00, 0x00, 0x00, 0x00, 0x00, 0x00, 0x00, 0x00, 0x00, 0x00, 0x00, 0xff, 0xff, 0xff, 0x03,
    0x00, 0x00, 0x00, 0x00, 0xd1, 0xd1, 0xd1, 0x9e, 0xe1, 0xe1, 0xe1, 0xff, 0xd7, 0xd7, 0xd7, 0xfb,
    0xd9, 0xd9, 0xd9, 0xff, 0xda, 0xda, 0xda, 0xfd, 0xe4, 0xe4, 0xe4, 0xff, 0xdd, 0xdd, 0xe1, 0x3d,
    0xe1, 0xe1, 0xe1, 0x11, 0xde, 0xde, 0xde, 0xf6, 0xdc, 0xdc, 0xdc, 0xfe, 0xe9, 0xe9, 0xe9, 0xff,
    0xde, 0xde, 0xde, 0xb3, 0x00, 0x00, 0x00, 0x00, 0x00, 0x00, 0x00, 0x00, 0x62, 0x7c, 0xe4, 0x31,
    0x4e, 0x71, 0xf5, 0xf1, 0x45, 0x67, 0xf6, 0xff, 0x3f, 0x5d, 0xf2, 0xff, 0x3b, 0x5a, 0xfb, 0xff,
    0x32, 0x4d, 0xf1, 0xff, 0x2b, 0x42, 0xf0, 0xff, 0x25, 0x37, 0xef, 0xff, 0x1e, 0x27, 0xed, 0xfe,
    0x1b, 0x1a, 0xf5, 0xff, 0x1c, 0x19, 0xf1, 0xff, 0x1e, 0x18, 0xe6, 0xff, 0x1d, 0x16, 0xe2, 0xfe,
    0x21, 0x1a, 0xe5, 0xff, 0x21, 0x1b, 0xe6, 0xff, 0x1f, 0x1d, 0xe4, 0xff, 0x22, 0x1f, 0xda, 0xff,
    0x21, 0x1e, 0xd8, 0xff, 0x25, 0x1e, 0xd7, 0xff, 0x24, 0x1f, 0xc7, 0xfe, 0x25, 0x1f, 0xc2, 0xfd,
    0x25, 0x20, 0xc2, 0xff, 0x27, 0x25, 0xb6, 0xda, 0x30, 0x2b, 0xb5, 0x7a, 0x26, 0x24, 0xb1, 0xdf,
    0x3c, 0x2d, 0xa5, 0x11, 0x00, 0x00, 0xff, 0x01, 0x00, 0x00, 0x00, 0x00, 0x01, 0x01, 0x00, 0x00,
    0x00, 0x00, 0x00, 0x00, 0x00, 0x00, 0x00, 0x00, 0x00, 0x00, 0x00, 0x00, 0x00, 0x00, 0x00, 0x00,
    0x00, 0x00, 0xff, 0x02, 0x00, 0x00, 0x00, 0x00, 0x00, 0x00, 0x00, 0x00, 0x00, 0x00, 0x00, 0x00,
    0x00, 0x00, 0x00, 0x00, 0x00, 0x00, 0x00, 0x00, 0x00, 0x00, 0x00, 0x00, 0x00, 0x00, 0x00, 0x00,
    0x00, 0x00, 0x00, 0x00, 0x00, 0x00, 0x00, 0x00, 0x00, 0x00, 0x00, 0x00, 0x00, 0x00, 0x00, 0x00,
    0x00, 0x00, 0x00, 0x00, 0x00, 0x00, 0x00, 0x00, 0x00, 0x00, 0x00, 0x00, 0x00, 0x00, 0x00, 0x00,
    0x00, 0x00, 0xff, 0x01, 0x00, 0x00, 0x00, 0x00, 0x00, 0x00, 0x00, 0x00, 0x00, 0x00, 0x00, 0x00,
    0x00, 0x00, 0x00, 0x00, 0x00, 0x00, 0xff, 0x01, 0x00, 0x00, 0x00, 0x00, 0x00, 0x00, 0x00, 0x00,
    0x00, 0x00, 0x00, 0x00, 0x00, 0x00, 0x00, 0x00, 0x7f, 0x7f, 0x7f, 0x02, 0x00, 0x00, 0x00, 0x00,
    0xd2, 0xd1, 0xd2, 0xbd, 0xdc, 0xdc, 0xdc, 0xff, 0xd4, 0xd4, 0xd4, 0xfc, 0xd7, 0xd7, 0xd7, 0xff,
    0xd8, 0xd8, 0xd8, 0xfb, 0xe7, 0xe7, 0xe7, 0xff, 0xda, 0xda, 0xda, 0x85, 0x00, 0x00, 0x00, 0x00,
    0xdc, 0xda, 0xdc, 0xa8, 0xed, 0xec, 0xed, 0xff, 0xdb, 0xdb, 0xdb, 0xe1, 0xda, 0xda, 0xda, 0x15,
    0x00, 0x00, 0xff, 0x01, 0x78, 0x87, 0xe1, 0x11, 0x4b, 0x6c, 0xee, 0xdb, 0x44, 0x64, 0xfc, 0xff,
    0x3e, 0x5b, 0xf8, 0xfd, 0x3c, 0x5a, 0xef, 0xdc, 0x45, 0x5a, 0xe5, 0x76, 0x2a, 0x43, 0xef, 0xfb,
    0x25, 0x39, 0xf3, 0xff, 0x1f, 0x2c, 0xee, 0xfd, 0x1b, 0x1e, 0xf4, 0xff, 0x28, 0x26, 0xdf, 0x8b,
    0x23, 0x21, 0xe7, 0xb5, 0x20, 0x18, 0xec, 0xff, 0x1d, 0x19, 0xe7, 0xff, 0x27, 0x23, 0xd7, 0xa3,
    0x27, 0x27, 0xd3, 0x93, 0x22, 0x20, 0xd1, 0x7c, 0x3a, 0x3f, 0xbf, 0x34, 0x2d, 0x2d, 0xc3, 0x38,
    0x26, 0x22, 0xc5, 0x92, 0x25, 0x1f, 0xc7, 0xff, 0x24, 0x1f, 0xc2, 0xfc, 0x26, 0x23, 0xc0, 0xff,
    0x26, 0x26, 0xb6, 0xd9, 0x30, 0x2e, 0xb5, 0x79, 0x26, 0x26, 0xad, 0xf5, 0x2d, 0x27, 0x9e, 0x2d,
    0x00, 0x00, 0x00, 0x00, 0x33, 0x37, 0xe2, 0x7d, 0x31, 0x2f, 0xf3, 0xc3, 0x2f, 0x2c, 0xea, 0x8b,
    0x8d, 0x71, 0xe2, 0x09, 0x00, 0x00, 0xff, 0x01, 0x7f, 0x7f, 0xff, 0x02, 0x00, 0x00, 0x00, 0x00,
    0x3f, 0x3f, 0xd7, 0x20, 0x2b, 0x2a, 0xe8, 0x91, 0x27, 0x27, 0xe5, 0xad, 0x29, 0x29, 0xe8, 0xad,
    0x34, 0x2f, 0xe5, 0x70, 0x01, 0x02, 0x00, 0x00, 0x00, 0x00, 0x01, 0x00, 0x00, 0x00, 0x00, 0x00,
    0x7f, 0x7f, 0xff, 0x02, 0x3a, 0x3d, 0xd7, 0x5b, 0x41, 0x3c, 0xe1, 0x33, 0x2a, 0x2c, 0xe1, 0x8a,
    0x28, 0x2a, 0xe8, 0xaa, 0x31, 0x31, 0xea, 0x96, 0x44, 0x44, 0xdc, 0x25, 0x02, 0x02, 0x00, 0x00,
    0x2f, 0x32, 0xe2, 0x6b, 0x2d, 0x28, 0xeb, 0xa8, 0x2e, 0x2a, 0xe9, 0xa9, 0x37, 0x37, 0xe3, 0x53,
    0x00, 0x00, 0x00, 0x00, 0x00, 0x00, 0xff, 0x01, 0x00, 0x00, 0x00, 0x00, 0x00, 0x00, 0x00, 0x00,
    0x00, 0x00, 0x00, 0x00, 0x00, 0x00, 0x00, 0x00, 0xff, 0xff, 0xff, 0x01, 0xce, 0xcd, 0xcd, 0xd2,
    0xd9, 0xd9, 0xd9, 0xff, 0xd1, 0xd1, 0xd1, 0xfd, 0xd3, 0xd3, 0xd3, 0xff, 0xd4, 0xd4, 0xd4, 0xfd,
    0xe0, 0xe0, 0xe0, 0xff, 0xd5, 0xd4, 0xd5, 0xcc, 0x00, 0x00, 0x00, 0x00, 0xd6, 0xd6, 0xd6, 0x2c,
    0xe1, 0xe1, 0xe1, 0xfe, 0xd5, 0xd5, 0xd8, 0x55, 0x00, 0x00, 0x00, 0x00, 0x02, 0x01, 0x00, 0x00,
    0x44, 0x61, 0xeb, 0xa8, 0x43, 0x64, 0xff, 0xff, 0x3c, 0x58, 0xf0, 0xf9, 0x38, 0x54, 0xfe, 0xff,
    0x36, 0x51, 0xec, 0xbf, 0x51, 0x51, 0xc5, 0x16, 0x24, 0x3a, 0xee, 0xf9, 0x21, 0x2c, 0xf5, 0xff,
    0x1b, 0x1d, 0xec, 0xfc, 0x1d, 0x1b, 0xf6, 0xff, 0x3f, 0x3f, 0xd7, 0x34, 0x23, 0x1d, 0xe1, 0x7b,
    0x20, 0x19, 0xf1, 0xff, 0x20, 0x1a, 0xe9, 0xff, 0x24, 0x22, 0xd5, 0x69, 0x00, 0x00, 0x00, 0x00,
    0x2c, 0x2c, 0xbe, 0x3f, 0x22, 0x20, 0xd5, 0x8c, 0x23, 0x21, 0xc9, 0x72, 0x01, 0x01, 0x00, 0x00,
    0x24, 0x22, 0xb9, 0x7d, 0x24, 0x21, 0xc7, 0xff, 0x26, 0x24, 0xbf, 0xff, 0x27, 0x27, 0xb1, 0xb9,
    0xff, 0xff, 0xff, 0x02, 0x2b, 0x27, 0xad, 0xfd, 0x34, 0x34, 0x90, 0x35, 0x21, 0x24, 0xe8, 0x5c,
    0x23, 0x25, 0xe4, 0xd3, 0x32, 0x35, 0xf3, 0x5b, 0x22, 0x20, 0xe6, 0xd2, 0x29, 0x28, 0xdd, 0x92,
    0x00, 0x00, 0x00, 0x00, 0x00, 0x00, 0x00, 0x00, 0x43, 0x3e, 0xdf, 0x39, 0x24, 0x24, 0xe2, 0xd9,
    0x22, 0x1e, 0xe9, 0x76, 0x22, 0x27, 0xeb, 0x34, 0x24, 0x24, 0xe4, 0x4c, 0x24, 0x1f, 0xe4, 0xbd,
    0x2b, 0x23, 0xe4, 0xab, 0xff, 0xff, 0xff, 0x02, 0x00, 0x00, 0xff, 0x01, 0xff, 0xff, 0xff, 0x02,
    0x26, 0x24, 0xe6, 0xdd, 0x1f, 0x1d, 0xe5, 0xd5, 0x1e, 0x20, 0xe3, 0x65, 0x20, 0x24, 0xe9, 0x46,
    0x21, 0x23, 0xe6, 0x88, 0x23, 0x24, 0xe3, 0xd6, 0x2b, 0x2a, 0xe5, 0xb5, 0x24, 0x21, 0xe1, 0xa2,
    0x25, 0x25, 0xea, 0x4b, 0x24, 0x21, 0xe6, 0x5c, 0x26, 0x21, 0xe5, 0xda, 0x38, 0x33, 0xe3, 0x5e,
    0x00, 0x00, 0x00, 0x00, 0x55, 0x55, 0xaa, 0x03, 0x00, 0x00, 0x00, 0x00, 0x00, 0x00, 0x00, 0x00,
    0x00, 0x00, 0x00, 0x00, 0xda, 0xb6, 0xda, 0x07, 0xcb, 0xcb, 0xcb, 0xdb, 0xd4, 0xd4, 0xd4, 0xff,
    0xd0, 0xd0, 0xd0, 0xfd, 0xd1, 0xd1, 0xd1, 0xff, 0xd2, 0xd2, 0xd2, 0xff, 0xd4, 0xd4, 0xd4, 0xfd,
    0xd8, 0xd8, 0xd8, 0xfd, 0xd3, 0xd3, 0xd3, 0x3b, 0x00, 0x00, 0x00, 0x00, 0xd1, 0xce, 0xd1, 0x5a,
    0x7f, 0x7f, 0xd4, 0x06, 0x00, 0x00, 0x00, 0x00, 0x42, 0x5c, 0xe4, 0x58, 0x3f, 0x5c, 0xfe, 0xff,
    0x35, 0x53, 0xf2, 0xfb, 0x33, 0x4d, 0xee, 0xfd, 0x30, 0x48, 0xfa, 0xff, 0x30, 0x45, 0xec, 0xc2,
    0x44, 0x44, 0xdc, 0x25, 0x21, 0x2b, 0xee, 0xf8, 0x1d, 0x1e, 0xf2, 0xff, 0x1c, 0x16, 0xec, 0xfb,
    0x20, 0x1c, 0xf5, 0xff, 0x34, 0x38, 0xdd, 0x44, 0x1e, 0x1c, 0xdc, 0x84, 0x1e, 0x19, 0xec, 0xff,
    0x21, 0x1b, 0xe6, 0xff, 0x29, 0x22, 0xd5, 0x69, 0x31, 0x29, 0xbd, 0x1f, 0x21, 0x20, 0xd3, 0xff,
    0x23, 0x1f, 0xdb, 0xff, 0x27, 0x23, 0xe4, 0xff, 0x22, 0x1f, 0xc0, 0x92, 0x3f, 0x4f, 0x8f, 0x10,
    0x25, 0x21, 0xbc, 0xf6, 0x28, 0x22, 0xc3, 0xff, 0x2c, 0x26, 0xb1, 0xbe, 0x63, 0x4d, 0xb1, 0x17,
    0x2a, 0x25, 0xae, 0xff, 0x34, 0x39, 0x91, 0x3a, 0x24, 0x22, 0xeb, 0xa9, 0x21, 0x24, 0xdd, 0x63,
    0x00, 0x00, 0x00, 0x00, 0x2e, 0x39, 0xc5, 0x16, 0x30, 0x33, 0xdd, 0x45, 0x00, 0x00, 0x00, 0x00,
    0x99, 0x99, 0xcc, 0x05, 0x29, 0x25, 0xe3, 0xcb, 0x21, 0x1e, 0xe7, 0x4c, 0x00, 0x00, 0x00, 0x00,
    0x00, 0x00, 0x00, 0x00, 0x00, 0x00, 0x00, 0x00, 0x00, 0x00, 0x00, 0x00, 0x22, 0x1f, 0xe5, 0xc5,
    0x2d, 0x2a, 0xe4, 0x60, 0x00, 0x00, 0x00, 0x00, 0xff, 0xff, 0xff, 0x01, 0x22, 0x21, 0xe6, 0xdb,
    0x14, 0x17, 0xdf, 0x58, 0x00, 0x00, 0x00, 0x00, 0x00, 0x00, 0x00, 0x00, 0x00, 0x00, 0x00, 0x00,
    0x1e, 0x1d, 0xe8, 0x9d, 0x1e, 0x1a, 0xe7, 0xd6, 0x00, 0x00, 0x00, 0x00, 0x00, 0x00, 0x00, 0x00,
    0x00, 0x00, 0x00, 0x00, 0x22, 0x22, 0xe0, 0x42, 0x28, 0x26, 0xe4, 0xc1, 0x00, 0x01, 0x00, 0x00,
    0x00, 0x00, 0x7f, 0x02, 0x00, 0x00, 0x00, 0x00, 0x00, 0x00, 0x00, 0x00, 0x00, 0x00, 0x00, 0x00,
    0xc6, 0xc6, 0xc6, 0x09, 0xc8, 0xc8, 0xc8, 0xdd, 0xd1, 0xd1, 0xd1, 0xff, 0xcd, 0xcd, 0xcd, 0xfd,
    0xcf, 0xcf, 0xcf, 0xff, 0xcf, 0xcf, 0xcf, 0xff, 0xd0, 0xd0, 0xd0, 0xfb, 0xdc, 0xdc, 0xdc, 0xff,
    0xd1, 0xcf, 0xd1, 0xa8, 0x00, 0x00, 0x00, 0x00, 0x00, 0x00, 0x00, 0x00, 0x00, 0x00, 0xff, 0x01,
    0x4b, 0x5a, 0xe1, 0x11, 0x30, 0x4f, 0xed, 0xe5, 0x2e, 0x4a, 0xf5, 0xfe, 0x2c, 0x45, 0xef, 0xfd,
    0x29, 0x3f, 0xed, 0xfd, 0x25, 0x39, 0xf9, 0xff, 0x27, 0x36, 0xed, 0xc0, 0x4a, 0x41, 0xde, 0x1f,
    0x1d, 0x1d, 0xee, 0xf6, 0x1c, 0x18, 0xee, 0xff, 0x1f, 0x18, 0xea, 0xfc, 0x21, 0x1b, 0xf5, 0xff,
    0x35, 0x39, 0xde, 0x3e, 0x21, 0x1b, 0xd7, 0x82, 0x1f, 0x1a, 0xe8, 0xff, 0x22, 0x1d, 0xe3, 0xff,
    0x26, 0x24, 0xcf, 0x5c, 0x23, 0x20, 0xc6, 0x56, 0x24, 0x1e, 0xdd, 0xff, 0x21, 0x1c, 0xc9, 0xf5,
    0x22, 0x20, 0xce, 0xfb, 0x21, 0x1e, 0xc3, 0xcc, 0x24, 0x36, 0x91, 0x0e, 0x22, 0x1f, 0xb6, 0xe1,
    0x29, 0x22, 0xc5, 0xff, 0x2d, 0x26, 0xb0, 0xbf, 0x61, 0x55, 0xaa, 0x15, 0x29, 0x25, 0xab, 0xff,
    0x30, 0x2c, 0x95, 0x3f, 0x28, 0x25, 0xec, 0x51, 0x1d, 0x22, 0xe0, 0xe1, 0x2d, 0x28, 0xed, 0x64,
    0x66, 0x66, 0xe5, 0x0a, 0x00, 0x00, 0x00, 0x00, 0x00, 0x00, 0x00, 0x00, 0x3a, 0x3a, 0xe9, 0x30,
    0x23, 0x21, 0xe7, 0xe6, 0x30, 0x34, 0xe1, 0x44, 0x29, 0x2d, 0xe4, 0x43, 0x29, 0x2d, 0xe4, 0x44,
    0x2a, 0x2a, 0xe6, 0x48, 0x31, 0x35, 0xe0, 0x43, 0x2a, 0x27, 0xe7, 0xa1, 0x24, 0x23, 0xe4, 0xc2,
    0x00, 0x00, 0x00, 0x00, 0x66, 0x66, 0xcc, 0x05, 0x2b, 0x29, 0xe7, 0xcc, 0x37, 0x37, 0xe3, 0x2e,
    0x00, 0x00, 0xff, 0x03, 0x1f, 0x1f, 0xdf, 0x08, 0x00, 0x00, 0xff, 0x03, 0x23, 0x21, 0xe2, 0x73,
    0x26, 0x24, 0xe4, 0x93, 0x00, 0x00, 0xff, 0x02, 0x1f, 0x1f, 0xff, 0x08, 0x00, 0x00, 0xff, 0x03,
    0x41, 0x41, 0xe9, 0x23, 0x28, 0x28, 0xe4, 0xbf, 0x7f, 0x7f, 0x7f, 0x02, 0x00, 0x00, 0x00, 0x00,
    0x00, 0x00, 0x00, 0x00, 0x00, 0x00, 0x00, 0x00, 0x00, 0x00, 0x00, 0x00, 0xcc, 0xcc, 0xcc, 0x05,
    0xc5, 0xc5, 0xc5, 0xd9, 0xce, 0xce, 0xce, 0xff, 0xc9, 0xc9, 0xc9, 0xfd, 0xcc, 0xcc, 0xcc, 0xff,
    0xcd, 0xcd, 0xcd, 0xff, 0xcd, 0xcd, 0xcd, 0xfe, 0xcf, 0xcf, 0xcf, 0xfe, 0xd1, 0xd1, 0xd1, 0xf7,
    0xca, 0xca, 0xca, 0x2c, 0xaa, 0xaa, 0xaa, 0x03, 0xff, 0x7f, 0x7f, 0x02, 0x30, 0x46, 0xe9, 0x98,
    0x2a, 0x42, 0xfc, 0xff, 0x24, 0x39, 0xea, 0xfc, 0x25, 0x37, 0xed, 0xff, 0x20, 0x2f, 0xed, 0xfd,
    0x1c, 0x28, 0xfa, 0xff, 0x1e, 0x26, 0xe9, 0xbf, 0x36, 0x36, 0xda, 0x1c, 0x1d, 0x19, 0xe8, 0xf4,
    0x1e, 0x17, 0xea, 0xff, 0x1c, 0x16, 0xe7, 0xfc, 0x1f, 0x1a, 0xed, 0xfd, 0x31, 0x35, 0xd6, 0x39,
    0x23, 0x1d, 0xd5, 0x82, 0x20, 0x1b, 0xe6, 0xff, 0x23, 0x1e, 0xdf, 0xff, 0x24, 0x24, 0xca, 0x5c,
    0x23, 0x20, 0xc8, 0x5e, 0x24, 0x1e, 0xdc, 0xfe, 0x22, 0x1f, 0xc7, 0xf9, 0x25, 0x22, 0xcc, 0xff,
    0x22, 0x20, 0xbe, 0xcd, 0x1e, 0x2d, 0x96, 0x11, 0x21, 0x1f, 0xb4, 0xde, 0x2a, 0x23, 0xc3, 0xff,
    0x2b, 0x27, 0xad, 0xc0, 0x6b, 0x5d, 0xae, 0x13, 0x2a, 0x25, 0xa7, 0xfd, 0x32, 0x2e, 0xa1, 0x4c,
    0x00, 0x00, 0x00, 0x00, 0x25, 0x29, 0xdc, 0x4a, 0x22, 0x21, 0xed, 0xb0, 0x23, 0x22, 0xeb, 0xdf,
    0x3e, 0x3b, 0xe3, 0x49, 0x00, 0x00, 0x00, 0x00, 0x2d, 0x29, 0xe2, 0x3e, 0x22, 0x20, 0xe7, 0xec,
    0x24, 0x2a, 0xe6, 0x91, 0x20, 0x25, 0xe5, 0x8e, 0x27, 0x27, 0xe7, 0x95, 0x25, 0x27, 0xe7, 0x95,
    0x25, 0x2b, 0xe6, 0x94, 0x29, 0x27, 0xec, 0x95, 0x33, 0x31, 0xdd, 0x72, 0x00, 0x00, 0x00, 0x00,
    0x7f, 0xbf, 0xbf, 0x04, 0x2a, 0x2a, 0xe9, 0xc7, 0x33, 0x33, 0xeb, 0x28, 0x00, 0x00, 0x00, 0x00,
    0x33, 0x33, 0xff, 0x05, 0x00, 0x00, 0x00, 0x00, 0x22, 0x22, 0xe5, 0x77, 0x23, 0x25, 0xe5, 0x96,
    0x00, 0x00, 0x00, 0x00, 0x33, 0x33, 0xff, 0x05, 0x00, 0x00, 0x00, 0x00, 0x3c, 0x3c, 0xe1, 0x22,
    0x27, 0x26, 0xe3, 0xc0, 0x3f, 0x3f, 0xbf, 0x04, 0x00, 0x00, 0x00, 0x00, 0x00, 0x00, 0x00, 0x01,
    0x00, 0x00, 0x00, 0x00, 0x00, 0x00, 0x00, 0x00, 0x00, 0x00, 0x00, 0x00, 0xc1, 0xc1, 0xc1, 0xcc,
    0xcb, 0xcc, 0xcc, 0xff, 0xc6, 0xc6, 0xc6, 0xfd, 0xc9, 0xc9, 0xc9, 0xff, 0xca, 0xca, 0xca, 0xff,
    0xca, 0xca, 0xca, 0xfe, 0xcc, 0xcc, 0xcc, 0xff, 0xcd, 0xcd, 0xcd, 0xf8, 0xcd, 0xcd, 0xcd, 0x29,
    0x00, 0x00, 0xff, 0x01, 0xaa, 0xaa, 0xaa, 0x03, 0x27, 0x37, 0xe6, 0xbd, 0x22, 0x32, 0xfe, 0xff,
    0x1e, 0x2b, 0xec, 0xfb, 0x1d, 0x26, 0xee, 0xff, 0x1a, 0x1e, 0xec, 0xfd, 0x18, 0x1b, 0xf6, 0xff,
    0x18, 0x1b, 0xe4, 0xc4, 0x3c, 0x30, 0xce, 0x15, 0x1d, 0x18, 0xe3, 0xf4, 0x1d, 0x17, 0xe9, 0xfc,
    0x1b, 0x16, 0xe2, 0xfa, 0x20, 0x1b, 0xec, 0xff, 0x35, 0x35, 0xd5, 0x2b, 0x26, 0x1e, 0xd6, 0x85,
    0x1f, 0x1b, 0xe3, 0xff, 0x20, 0x1e, 0xdc, 0xff, 0x21, 0x21, 0xc7, 0x5c, 0x22, 0x22, 0xc6, 0x5f,
    0x24, 0x21, 0xd9, 0xff, 0x24, 0x1f, 0xc4, 0xf9, 0x27, 0x20, 0xca, 0xff, 0x23, 0x20, 0xbb, 0xcf,
    0x1f, 0x1f, 0x9f, 0x10, 0x23, 0x21, 0xb3, 0xde, 0x2c, 0x24, 0xc0, 0xff, 0x2f, 0x28, 0xac, 0xc2,
    0x61, 0x48, 0x9d, 0x15, 0x2a, 0x26, 0xa3, 0xf4, 0x30, 0x34, 0xa5, 0x44, 0x2f, 0x1f, 0xdf, 0x10,
    0x00, 0x00, 0x00, 0x00, 0x00, 0x00, 0x00, 0x00, 0x25, 0x20, 0xe2, 0x7c, 0x25, 0x20, 0xe6, 0xcc,
    0x00, 0x00, 0x00, 0x00, 0x20, 0x29, 0xe6, 0x1f, 0x23, 0x23, 0xe3, 0xd6, 0x04, 0x04, 0x00, 0x00,
    0x00, 0x00, 0x00, 0x00, 0x00, 0x00, 0x00, 0x00, 0x00, 0x00, 0x00, 0x00, 0x00, 0x00, 0x00, 0x00,
    0x7f, 0x7f, 0xdf, 0x18, 0x76, 0x76, 0xe3, 0x1c, 0x00, 0x00, 0x00, 0x00, 0xcc, 0xcc, 0xff, 0x05,
    0x29, 0x28, 0xe7, 0xc4, 0x2d, 0x2d, 0xe8, 0x22, 0x00, 0x00, 0x00, 0x00, 0x33, 0x33, 0xcc, 0x05,
    0x00, 0x00, 0x00, 0x00, 0x22, 0x20, 0xe5, 0x76, 0x23, 0x25, 0xe5, 0x95, 0x00, 0x00, 0x00, 0x00,
    0x33, 0x33, 0xff, 0x05, 0x00, 0x00, 0x00, 0x00, 0x37, 0x37, 0xe7, 0x20, 0x28, 0x25, 0xe6, 0xbe,
    0x7f, 0x3f, 0xbf, 0x04, 0x00, 0x00, 0x00, 0x00, 0x00, 0x00, 0x00, 0x01, 0x00, 0x00, 0x00, 0x00,
    0xff, 0xff, 0xff, 0x02, 0x00, 0x00, 0x00, 0x00, 0xb9, 0xb9, 0xb9, 0xb0, 0xc5, 0xc6, 0xc6, 0xff,
    0xbf, 0xbf, 0xbf, 0xfc, 0xc3, 0xc3, 0xc3, 0xff, 0xc5, 0xc5, 0xc5, 0xff, 0xc8, 0xc8, 0xc8, 0xfb,
    0xd2, 0xd2, 0xd2, 0xff, 0xc9, 0xc9, 0xc9, 0xb6, 0x00, 0x00, 0x00, 0x00, 0xff, 0xff, 0xff, 0x01,
    0x00, 0x00, 0x00, 0x00, 0x34, 0x2d, 0xe1, 0x22, 0x1e, 0x24, 0xed, 0xe7, 0x1b, 0x1a, 0xf5, 0xff,
    0x1b, 0x17, 0xed, 0xfc, 0x1a, 0x17, 0xec, 0xfe, 0x1a, 0x17, 0xef, 0xff, 0x1d, 0x17, 0xe7, 0xeb,
    0x91, 0x48, 0x91, 0x07, 0x23, 0x1b, 0xdb, 0x9f, 0x20, 0x1c, 0xf8, 0xff, 0x21, 0x1b, 0xf2, 0xff,
    0x24, 0x1d, 0xd8, 0xc9, 0xff, 0x00, 0xff, 0x01, 0x24, 0x22, 0xce, 0x92, 0x20, 0x1d, 0xdd, 0xff,
    0x21, 0x1e, 0xdb, 0xff, 0x23, 0x23, 0xc6, 0x5e, 0x22, 0x22, 0xc2, 0x61, 0x23, 0x21, 0xd4, 0xff,
    0x24, 0x1f, 0xc1, 0xf9, 0x25, 0x20, 0xc8, 0xff, 0x22, 0x20, 0xb9, 0xd1, 0x28, 0x28, 0xa1, 0x13,
    0x22, 0x20, 0xb2, 0xde, 0x2a, 0x24, 0xbd, 0xff, 0x2d, 0x29, 0xa8, 0xc3, 0x51, 0x47, 0xad, 0x19,
    0x27, 0x27, 0x9f, 0xe2, 0x36, 0x36, 0xa8, 0x2f, 0x22, 0x22, 0xe6, 0xc3, 0x2e, 0x2e, 0xd6, 0x26,
    0x00, 0x00, 0x00, 0x00, 0x31, 0x2a, 0xed, 0x48, 0x22, 0x1f, 0xe6, 0xd1, 0x00, 0x01, 0x00, 0x00,
    0x00, 0x00, 0x00, 0x00, 0x25, 0x24, 0xe6, 0xa8, 0x1f, 0x21, 0xe5, 0x98, 0x00, 0x00, 0x00, 0x00,
    0x00, 0x00, 0x00, 0x00, 0x00, 0x00, 0x00, 0x00, 0x30, 0x2a, 0xe6, 0x2a, 0x26, 0x22, 0xe1, 0xe4,
    0x34, 0x39, 0xe0, 0x3a, 0x00, 0x00, 0x00, 0x00, 0x91, 0x91, 0xda, 0x07, 0x2a, 0x29, 0xe7, 0xca,
    0x30, 0x30, 0xea, 0x25, 0x00, 0x00, 0x00, 0x00, 0x33, 0x33, 0xff, 0x05, 0x00, 0x00, 0x00, 0x00,
    0x20, 0x20, 0xe7, 0x75, 0x25, 0x23, 0xe3, 0x96, 0x00, 0x00, 0x00, 0x00, 0x33, 0x33, 0xff, 0x05,
    0x00, 0x00, 0x00, 0x00, 0x37, 0x37, 0xe7, 0x20, 0x27, 0x24, 0xe8, 0xc1, 0x66, 0x66, 0xcc, 0x05,
    0x00, 0x00, 0x00, 0x00, 0x00, 0x00, 0x00, 0x01, 0x00, 0x00, 0x00, 0x00, 0xbf, 0xbf, 0xbf, 0x04,
    0x00, 0x00, 0x00, 0x00, 0xb0, 0xae, 0xae, 0x82, 0xbf, 0xbf, 0xbf, 0xff, 0xb6, 0xb6, 0xb6, 0xfb,
    0xba, 0xba, 0xba, 0xff, 0xbd, 0xbd, 0xbd, 0xff, 0xc0, 0xc0, 0xc0, 0xfc, 0xcb, 0xcb, 0xcb, 0xff,
    0xc0, 0xc0, 0xc3, 0x5a, 0x00, 0x00, 0x00, 0x00, 0x50, 0x43, 0xc9, 0x13, 0x2a, 0x2a, 0xc9, 0x18,
    0x00, 0x00, 0x00, 0x00, 0x31, 0x28, 0xd6, 0x39, 0x22, 0x1b, 0xea, 0xf2, 0x1e, 0x17, 0xef, 0xff,
    0x1f, 0x18, 0xe7, 0xfc, 0x1e, 0x18, 0xe7, 0xfd, 0x1e, 0x18, 0xee, 0xff, 0x1e, 0x1c, 0xda, 0x85,
    0x02, 0x01, 0x00, 0x00, 0x2f, 0x29, 0xdf, 0x50, 0x2d, 0x27, 0xdb, 0x4e, 0x4f, 0x4f, 0xb8, 0x1d,
    0x94, 0x94, 0x94, 0x0c, 0x29, 0x27, 0xce, 0x88, 0x22, 0x1f, 0xda, 0xff, 0x22, 0x1f, 0xdb, 0xff,
    0x2c, 0x2a, 0xc6, 0x5b, 0x27, 0x24, 0xbe, 0x5b, 0x26, 0x21, 0xd4, 0xff, 0x23, 0x1e, 0xbf, 0xf9,
    0x26, 0x1f, 0xc7, 0xff, 0x25, 0x23, 0xb7, 0xd2, 0x5f, 0x5f, 0x5f, 0x08, 0x23, 0x21, 0xac, 0xde,
    0x2b, 0x24, 0xba, 0xff, 0x2e, 0x29, 0xa8, 0xbf, 0x66, 0x59, 0x99, 0x14, 0x2c, 0x2a, 0xa0, 0xc7,
    0x02, 0x02, 0x00, 0x00, 0x25, 0x1e, 0xe5, 0x6e, 0x23, 0x22, 0xe5, 0xd9, 0x29, 0x29, 0xeb, 0x8e,
    0x26, 0x24, 0xe8, 0xe1, 0x2c, 0x2c, 0xdd, 0x62, 0x00, 0x00, 0x00, 0x00, 0x00, 0x55, 0xff, 0x03,
    0x4f, 0x5f, 0xef, 0x10, 0x25, 0x25, 0xe6, 0xb1, 0x29, 0x26, 0xe8, 0xb3, 0x27, 0x26, 0xe2, 0x86,
    0x2a, 0x25, 0xe9, 0x9b, 0x23, 0x22, 0xe5, 0xdc, 0x2a, 0x2a, 0xe1, 0x60, 0x00, 0x00, 0x00, 0x00,
    0x00, 0x00, 0xff, 0x01, 0xff, 0xff, 0xff, 0x02, 0x27, 0x2a, 0xe4, 0xc7, 0x37, 0x37, 0xd9, 0x29,
    0x00, 0x00, 0x00, 0x00, 0x33, 0x33, 0xff, 0x05, 0x00, 0x00, 0x00, 0x00, 0x1e, 0x22, 0xe0, 0x75,
    0x25, 0x27, 0xe1, 0x95, 0x00, 0x00, 0x00, 0x00, 0x33, 0x33, 0xff, 0x05, 0x00, 0x00, 0x00, 0x00,
    0x34, 0x34, 0xdb, 0x1d, 0x28, 0x28, 0xe2, 0xbf, 0x66, 0x66, 0xff, 0x05, 0x00, 0x00, 0x00, 0x00,
    0x00, 0x00, 0x00, 0x01, 0x00, 0x00, 0x00, 0x00, 0xaa, 0xaa, 0xaa, 0x03, 0x00, 0x00, 0x00, 0x00,
    0xa8, 0xa8, 0xa8, 0x47, 0xb1, 0xb1, 0xb1, 0xff, 0xaf, 0xaf, 0xaf, 0xfd, 0xb1, 0xb1, 0xb1, 0xff,
    0xb3, 0xb3, 0xb3, 0xfe, 0xb9, 0xb9, 0xb9, 0xff, 0xb6, 0xb6, 0xb6, 0xed, 0xa6, 0xa6, 0xc7, 0x17,
    0x00, 0x00, 0x00, 0x00, 0x28, 0x25, 0xdf, 0x58, 0x20, 0x1d, 0xea, 0xd1, 0x2d, 0x2d, 0xc3, 0x11,
    0x00, 0x00, 0x00, 0x00, 0x2b, 0x2b, 0xd3, 0x46, 0x22, 0x1c, 0xe9, 0xf2, 0x1e, 0x18, 0xeb, 0xff,
    0x1e, 0x18, 0xdf, 0xfb, 0x1c, 0x17, 0xe0, 0xfd, 0x1f, 0x19, 0xe6, 0xff, 0x1f, 0x1c, 0xd8, 0xbb,
    0x1c, 0x1e, 0xcd, 0x6d, 0x1b, 0x20, 0xcc, 0x6e, 0x1e, 0x1e, 0xce, 0xcb, 0x28, 0x25, 0xcc, 0xca,
    0x26, 0x20, 0xcc, 0xd3, 0x23, 0x1c, 0xd1, 0xff, 0x22, 0x1f, 0xce, 0xff, 0x26, 0x24, 0xc3, 0xcb,
    0x23, 0x21, 0xbe, 0xcb, 0x23, 0x21, 0xc6, 0xff, 0x24, 0x22, 0xbd, 0xfd, 0x27, 0x22, 0xbc, 0xff,
    0x29, 0x21, 0xb6, 0xf3, 0x30, 0x29, 0xab, 0xb1, 0x27, 0x23, 0xaa, 0xf5, 0x2a, 0x23, 0xad, 0xff,
    0x29, 0x26, 0xa4, 0xe7, 0x2f, 0x2f, 0xa9, 0xb8, 0x2e, 0x2c, 0xa0, 0x8f, 0x00, 0x00, 0x00, 0x00,
    0x00, 0x00, 0x00, 0x00, 0x2c, 0x29, 0xdf, 0x4a, 0x29, 0x25, 0xe5, 0x82, 0x34, 0x30, 0xe4, 0x3a,
    0x00, 0x00, 0x00, 0x00, 0x00, 0x00, 0xff, 0x01, 0x00, 0x00, 0xff, 0x01, 0x00, 0x00, 0x00, 0x00,
    0x01, 0x01, 0x00, 0x00, 0x2c, 0x28, 0xe3, 0x4b, 0x21, 0x23, 0xe1, 0x7a, 0x25, 0x21, 0xe5, 0x6c,
    0x31, 0x31, 0xde, 0x1f, 0x00, 0x00, 0x00, 0x00, 0x00, 0x00, 0xff, 0x02, 0x00, 0x00, 0x00, 0x00,
    0x00, 0x00, 0x00, 0x00, 0x38, 0x31, 0xdb, 0x24, 0x2a, 0x2a, 0xd4, 0x06, 0x00, 0x00, 0x00, 0x00,
    0x00, 0x00, 0xff, 0x01, 0x00, 0x00, 0x00, 0x00, 0x39, 0x2e, 0xdc, 0x16, 0x36, 0x36, 0xda, 0x1c,
    0x00, 0x00, 0x00, 0x00, 0x00, 0x00, 0xff, 0x01, 0x00, 0x00, 0x00, 0x00, 0x3f, 0x3f, 0xbf, 0x04,
    0x3c, 0x34, 0xd2, 0x22, 0x00, 0x00, 0x01, 0x00, 0x00, 0x00, 0x00, 0x00, 0x00, 0x00, 0x00, 0x00,
    0x00, 0x00, 0x00, 0x00, 0xff, 0xff, 0xff, 0x01, 0x00, 0x00, 0x00, 0x00, 0xa3, 0xa3, 0xa3, 0x0e,
    0xa4, 0xa2, 0xa2, 0xe6, 0xaa, 0xaa, 0xaa, 0xff, 0xa9, 0xa9, 0xa9, 0xfd, 0xab, 0xab, 0xab, 0xfc,
    0xb6, 0xb6, 0xb6, 0xff, 0xae, 0xae, 0xae, 0xb8, 0x00, 0x00, 0x01, 0x00, 0x01, 0x01, 0x00, 0x00,
    0x21, 0x20, 0xdd, 0x97, 0x22, 0x1a, 0xff, 0xff, 0x21, 0x1d, 0xdd, 0xb8, 0x38, 0x38, 0xaa, 0x09,
    0x00, 0x00, 0x00, 0x00, 0x2b, 0x26, 0xcb, 0x3b, 0x1f, 0x1d, 0xe1, 0xe2, 0x1d, 0x19, 0xe8, 0xff,
    0x1e, 0x18, 0xdb, 0xfa, 0x1f, 0x18, 0xd9, 0xfd, 0x22, 0x1b, 0xe3, 0xff, 0x23, 0x1e, 0xe5, 0xff,
    0x21, 0x1e, 0xe4, 0xff, 0x1e, 0x1c, 0xd7, 0xff, 0x1f, 0x1d, 0xd6, 0xff, 0x24, 0x1c, 0xd4, 0xff,
    0x23, 0x1d, 0xca, 0xff, 0x23, 0x1f, 0xc6, 0xff, 0x23, 0x20, 0xc8, 0xff, 0x24, 0x20, 0xc6, 0xff,
    0x24, 0x22, 0xbb, 0xff, 0x24, 0x23, 0xb9, 0xff, 0x24, 0x22, 0xb6, 0xff, 0x2a, 0x22, 0xb5, 0xff,
    0x2c, 0x24, 0xb9, 0xff, 0x29, 0x23, 0xab, 0xff, 0x28, 0x23, 0xa4, 0xff, 0x28, 0x25, 0xa2, 0xff,
    0x2b, 0x28, 0xaf, 0xff, 0x2c, 0x28, 0x9c, 0x4b, 0x00, 0x00, 0x00, 0x00, 0x33, 0x33, 0xcc, 0x05,
    0x00, 0x00, 0x00, 0x00, 0x00, 0x00, 0x00, 0x00, 0x00, 0x00, 0x00, 0x00, 0x00, 0x00, 0x7f, 0x02,
    0x00, 0x00, 0x00, 0x00, 0x00, 0x00, 0x00, 0x00, 0x00, 0x00, 0xff, 0x01, 0x00, 0x00, 0xff, 0x01,
    0x00, 0x00, 0x00, 0x00, 0x00, 0x00, 0x00, 0x00, 0x00, 0x00, 0x00, 0x00, 0x00, 0x00, 0x00, 0x00,
    0x00, 0x00, 0xaa, 0x03, 0x00, 0x00, 0x00, 0x00, 0x00, 0x00, 0x00, 0x00, 0x00, 0x00, 0x00, 0x00,
    0x00, 0x00, 0x00, 0x00, 0x00, 0x00, 0x00, 0x00, 0x00, 0x00, 0x00, 0x00, 0x00, 0x00, 0x00, 0x00,
    0x00, 0x00, 0x00, 0x00, 0x00, 0x00, 0x00, 0x00, 0x00, 0x00, 0x00, 0x00, 0x00, 0x00, 0x00, 0x00,
    0x00, 0x00, 0x00, 0x00, 0x00, 0x00, 0x00, 0x00, 0x00, 0x00, 0x00, 0x00, 0x00, 0x00, 0x00, 0x00,
    0x00, 0x00, 0x00, 0x00, 0x00, 0x00, 0x00, 0x00, 0x00, 0x00, 0x00, 0x00, 0x00, 0x00, 0x00, 0x00,
    0x00, 0x00, 0x00, 0x00, 0xaa, 0xaa, 0xaa, 0x03, 0x00, 0x00, 0x00, 0x00, 0x9c, 0x9c, 0x9c, 0x9c,
    0xa8, 0xa7, 0xa8, 0xff, 0x9f, 0x9f, 0x9f, 0xfb, 0xa1, 0xa1, 0xa1, 0xfb, 0xaf, 0xaf, 0xaf, 0xff,
    0xa5, 0xa5, 0xa5, 0x88, 0x00, 0x00, 0x00, 0x00, 0x71, 0x8d, 0xaa, 0x09, 0x1f, 0x1b, 0xda, 0xd9,
    0x1e, 0x19, 0xe3, 0xfd, 0x20, 0x1a, 0xe9, 0xff, 0x23, 0x1f, 0xd9, 0xb2, 0x17, 0x17, 0xb9, 0x0b,
    0x00, 0x00, 0x00, 0x00, 0x31, 0x31, 0xbf, 0x24, 0x22, 0x21, 0xdb, 0xc0, 0x1f, 0x1d, 0xe5, 0xff,
    0x1c, 0x1b, 0xd5, 0xff, 0x1f, 0x1c, 0xd1, 0xf9, 0x1e, 0x1b, 0xcf, 0xfb, 0x1e, 0x1a, 0xd0, 0xfb,
    0x1f, 0x1b, 0xcb, 0xfd, 0x21, 0x1c, 0xca, 0xfd, 0x22, 0x1e, 0xc8, 0xfd, 0x21, 0x1f, 0xc6, 0xff,
    0x23, 0x1f, 0xc4, 0xff, 0x22, 0x20, 0xbe, 0xfd, 0x24, 0x20, 0xbe, 0xfd, 0x24, 0x23, 0xba, 0xff,
    0x25, 0x23, 0xb6, 0xff, 0x27, 0x23, 0xb4, 0xff, 0x2a, 0x24, 0xb0, 0xff, 0x2a, 0x23, 0xae, 0xfc,
    0x28, 0x23, 0xa9, 0xff, 0x27, 0x24, 0xa4, 0xfd, 0x29, 0x26, 0xa4, 0xfe, 0x2a, 0x27, 0x9b, 0xde,
    0x3f, 0x3f, 0x94, 0x0c, 0x00, 0x00, 0x00, 0x00, 0x00, 0x00, 0xff, 0x01, 0x00, 0x00, 0xaa, 0x03,
    0x3f, 0x00, 0xff, 0x04, 0x00, 0x00, 0xff, 0x02, 0x00, 0x00, 0x00, 0x00, 0x00, 0x00, 0x00, 0x00,
    0x00, 0x00, 0x00, 0x00, 0x00, 0x00, 0x00, 0x00, 0x00, 0x00, 0x00, 0x00, 0x00, 0x00, 0xaa, 0x03,
    0x00, 0x00, 0xbf, 0x04, 0x00, 0x00, 0xff, 0x03, 0x00, 0x00, 0xff, 0x01, 0x00, 0x00, 0x00, 0x00,
    0x00, 0x00, 0x00, 0x00, 0x00, 0x00, 0x00, 0x00, 0x00, 0x00, 0x00, 0x00, 0x00, 0x00, 0x7f, 0x02,
    0x00, 0x00, 0x00, 0x00, 0x00, 0x00, 0x00, 0x00, 0x00, 0x00, 0x00, 0x00, 0x00, 0x00, 0x00, 0x00,
    0x00, 0x00, 0xff, 0x01, 0x00, 0x00, 0xff, 0x01, 0x00, 0x00, 0x00, 0x00, 0x00, 0x00, 0x00, 0x00,
    0x00, 0x00, 0x00, 0x00, 0x00, 0x00, 0x00, 0x00, 0x00, 0x00, 0x7f, 0x02, 0x00, 0x00, 0x00, 0x00,
    0x00, 0x00, 0x00, 0x00, 0x00, 0x00, 0x00, 0x00, 0x00, 0x00, 0x00, 0x00, 0x00, 0x00, 0x00, 0x00,
    0xaa, 0xaa, 0xaa, 0x03, 0x00, 0x00, 0x00, 0x00, 0x9a, 0x9a, 0x9a, 0x38, 0x9a, 0x9a, 0x9a, 0xfd,
    0x98, 0x98, 0x98, 0xfc, 0x9a, 0x9a, 0x9a, 0xfb, 0xa3, 0xa3, 0xa3, 0xff, 0x97, 0x97, 0x9a, 0x5e,
    0x00, 0x00, 0x00, 0x00, 0x33, 0x33, 0xc5, 0x28, 0x1e, 0x1a, 0xd8, 0xf8, 0x1f, 0x1a, 0xda, 0xff,
    0x1e, 0x18, 0xd9, 0xfa, 0x20, 0x1a, 0xe6, 0xff, 0x20, 0x1d, 0xd5, 0xbf, 0x25, 0x25, 0xbc, 0x1b,
    0x00, 0x00, 0x00, 0x00, 0x3f, 0x3f, 0x7f, 0x08, 0x25, 0x23, 0xcd, 0x82, 0x1c, 0x1d, 0xd2, 0xf8,
    0x21, 0x1e, 0xda, 0xff, 0x20, 0x1c, 0xcb, 0xfe, 0x21, 0x1c, 0xcb, 0xfc, 0x21, 0x1e, 0xc8, 0xfe,
    0x23, 0x1f, 0xc7, 0xff, 0x24, 0x1f, 0xc5, 0xff, 0x23, 0x1f, 0xc3, 0xff, 0x22, 0x20, 0xc0, 0xff,
    0x23, 0x1f, 0xbd, 0xff, 0x25, 0x22, 0xba, 0xff, 0x23, 0x23, 0xb5, 0xff, 0x27, 0x23, 0xb4, 0xff,
    0x2a, 0x24, 0xb0, 0xff, 0x29, 0x24, 0xab, 0xff, 0x29, 0x23, 0xa9, 0xff, 0x26, 0x23, 0xa7, 0xff,
    0x26, 0x24, 0xa1, 0xfb, 0x2b, 0x28, 0xa9, 0xff, 0x2d, 0x27, 0x9c, 0x81, 0x00, 0x00, 0x00, 0x00,
    0x3f, 0x3f, 0x7f, 0x04, 0x00, 0x00, 0x00, 0x00, 0x00, 0x00, 0x00, 0x00, 0x00, 0x00, 0x00, 0x00,
    0x00, 0x00, 0x00, 0x00, 0x00, 0x00, 0x00, 0x00, 0x00, 0x00, 0x00, 0x00, 0x00, 0x00, 0x00, 0x00,
    0x00, 0x00, 0x00, 0x00, 0x00, 0x00, 0x00, 0x00, 0x00, 0x00, 0x00, 0x00, 0x00, 0x00, 0x00, 0x00,
    0x00, 0x00, 0x00, 0x00, 0x00, 0x00, 0x00, 0x00, 0x00, 0x00, 0x00, 0x00, 0x00, 0x00, 0x00, 0x00,
    0x00, 0x00, 0x00, 0x00, 0x00, 0x00, 0x00, 0x00, 0x00, 0x00, 0x00, 0x00, 0x00, 0x00, 0x00, 0x00,
    0x00, 0x00, 0x00, 0x00, 0x00, 0x00, 0x00, 0x00, 0x00, 0x00, 0x00, 0x00, 0x00, 0x00, 0x00, 0x00,
    0x00, 0x00, 0x00, 0x00, 0x00, 0x00, 0x00, 0x00, 0x00, 0x00, 0x00, 0x00, 0x00, 0x00, 0x00, 0x00,
    0x00, 0x00, 0x00, 0x00, 0x00, 0x00, 0x00, 0x00, 0x00, 0x00, 0x00, 0x00, 0x00, 0x00, 0x00, 0x00,
    0x00, 0x00, 0x00, 0x00, 0x00, 0x00, 0x00, 0x00, 0x00, 0x00, 0x00, 0x00, 0x00, 0x00, 0x00, 0x00,
    0x7f, 0x7f, 0x7f, 0x02, 0x00, 0x00, 0x00, 0x00, 0x8e, 0x8c, 0x8e, 0xae, 0x98, 0x98, 0x98, 0xff,
    0x90, 0x90, 0x90, 0xfb, 0x95, 0x95, 0x95, 0xff, 0x8b, 0x8b, 0x94, 0x3e, 0x00, 0x00, 0x00, 0x00,
    0x30, 0x29, 0xcb, 0x4f, 0x23, 0x1d, 0xdc, 0xff, 0x1f, 0x1a, 0xd2, 0xfd, 0x1d, 0x1c, 0xd3, 0xff,
    0x1c, 0x1b, 0xd2, 0xfb, 0x22, 0x1c, 0xde, 0xff, 0x22, 0x1e, 0xd3, 0xdf, 0x1e, 0x24, 0xc2, 0x4c,
    0x00, 0x00, 0x00, 0x00, 0x00, 0x00, 0x00, 0x00, 0x26, 0x26, 0xc0, 0x35, 0x27, 0x23, 0xcd, 0xb3,
    0x24, 0x20, 0xcd, 0xff, 0x25, 0x20, 0xd2, 0xff, 0x23, 0x20, 0xc6, 0xff, 0x25, 0x1f, 0xc5, 0xfc,
    0x26, 0x20, 0xc4, 0xfc, 0x24, 0x21, 0xbc, 0xfe, 0x24, 0x22, 0xbc, 0xff, 0x26, 0x22, 0xba, 0xff,
    0x29, 0x23, 0xb6, 0xff, 0x27, 0x23, 0xb3, 0xff, 0x29, 0x25, 0xb1, 0xff, 0x29, 0x22, 0xac, 0xff,
    0x27, 0x23, 0xa9, 0xff, 0x26, 0x24, 0xa5, 0xff, 0x26, 0x25, 0xa0, 0xfd, 0x28, 0x26, 0xa4, 0xfd,
    0x2a, 0x25, 0xa0, 0xeb, 0x37, 0x2c, 0x90, 0x17, 0x00, 0x00, 0x00, 0x01, 0x00, 0x00, 0x7f, 0x02,
    0x00, 0x00, 0x00, 0x00, 0x00, 0x00, 0x00, 0x00, 0x00, 0x00, 0x00, 0x00, 0x00, 0x00, 0x00, 0x00,
    0x00, 0x00, 0x00, 0x00, 0x00, 0x00, 0x00, 0x00, 0x00, 0x00, 0x00, 0x00, 0x00, 0x00, 0x00, 0x00,
    0x00, 0x00, 0x00, 0x00, 0x00, 0x00, 0x00, 0x00, 0x00, 0x00, 0x00, 0x00, 0x00, 0x00, 0x00, 0x00,
    0x00, 0x00, 0x00, 0x00, 0x00, 0x00, 0x00, 0x00, 0x00, 0x00, 0x00, 0x00, 0x00, 0x00, 0x00, 0x00,
    0x00, 0x00, 0x00, 0x00, 0x00, 0x00, 0x00, 0x00, 0x00, 0x00, 0x00, 0x00, 0x00, 0x00, 0x00, 0x00,
    0x00, 0x00, 0x00, 0x00, 0x00, 0x00, 0x00, 0x00, 0x00, 0x00, 0x00, 0x00, 0x00, 0x00, 0x00, 0x00,
    0x00, 0x00, 0x00, 0x00, 0x00, 0x00, 0x00, 0x00, 0x00, 0x00, 0x00, 0x00, 0x00, 0x00, 0x00, 0x00,
    0x00, 0x00, 0x00, 0x00, 0x00, 0x00, 0x00, 0x00, 0x00, 0x00, 0x00, 0x00, 0x00, 0x00, 0x00, 0x00,
    0x00, 0x00, 0x00, 0x00, 0x00, 0x00, 0x00, 0x00, 0x00, 0x00, 0x00, 0x00, 0x7f, 0x7f, 0x7f, 0x02,
    0x00, 0x00, 0x00, 0x00, 0x89, 0x89, 0x89, 0x27, 0x89, 0x89, 0x89, 0xf6, 0x8c, 0x8c, 0x8c, 0xfc,
    0x8b, 0x8b, 0x8b, 0xf9, 0x85, 0x85, 0x91, 0x2a, 0x00, 0x00, 0x00, 0x00, 0x2a, 0x24, 0xc9, 0x78,
    0x24, 0x1e, 0xde, 0xff, 0x1f, 0x1a, 0xcf, 0xfb, 0x1e, 0x1c, 0xcf, 0xff, 0x1e, 0x1b, 0xcf, 0xff,
    0x21, 0x1b, 0xcd, 0xfc, 0x24, 0x1d, 0xd2, 0xff, 0x22, 0x1f, 0xcf, 0xff, 0x24, 0x1f, 0xc9, 0x98,
    0x2a, 0x22, 0xbb, 0x1e, 0x00, 0x00, 0x00, 0x00, 0x00, 0x00, 0x00, 0x00, 0x27, 0x27, 0xc3, 0x40,
    0x28, 0x23, 0xc2, 0xac, 0x25, 0x21, 0xc1, 0xf3, 0x24, 0x22, 0xcb, 0xff, 0x25, 0x23, 0xc7, 0xff,
    0x25, 0x22, 0xbf, 0xff, 0x25, 0x21, 0xb8, 0xff, 0x28, 0x23, 0xb7, 0xfc, 0x2a, 0x23, 0xb4, 0xfb,
    0x2b, 0x22, 0xb1, 0xfb, 0x2a, 0x22, 0xac, 0xfb, 0x2a, 0x22, 0xa8, 0xfb, 0x27, 0x22, 0xa5, 0xfb,
    0x27, 0x24, 0xa0, 0xff, 0x27, 0x24, 0x9f, 0xff, 0x2c, 0x27, 0xac, 0xff, 0x32, 0x29, 0x9e, 0x74,
    0x00, 0x00, 0x00, 0x00, 0x55, 0x00, 0xaa, 0x03, 0x00, 0x00, 0x00, 0x00, 0x00, 0x00, 0x00, 0x00,
    0x00, 0x00, 0x00, 0x00, 0x00, 0x00, 0x00, 0x00, 0x00, 0x00, 0x00, 0x00, 0x00, 0x00, 0x00, 0x00,
    0x00, 0x00, 0x00, 0x00, 0x00, 0x00, 0x00, 0x00, 0x00, 0x00, 0x00, 0x00, 0x00, 0x00, 0x00, 0x00,
    0x00, 0x00, 0x00, 0x00, 0x00, 0x00, 0x00, 0x00, 0x00, 0x00, 0x00, 0x00, 0x00, 0x00, 0x00, 0x00,
    0x00, 0x00, 0x00, 0x00, 0x00, 0x00, 0x00, 0x00, 0x00, 0x00, 0x00, 0x00, 0x00, 0x00, 0x00, 0x00,
    0x00, 0x00, 0x00, 0x00, 0x00, 0x00, 0x00, 0x00, 0x00, 0x00, 0x00, 0x00, 0x00, 0x00, 0x00, 0x00,
    0x00, 0x00, 0x00, 0x00, 0x00, 0x00, 0x00, 0x00, 0x00, 0x00, 0x00, 0x00, 0x00, 0x00, 0x00, 0x00,
    0x00, 0x00, 0x00, 0x00, 0x00, 0x00, 0x00, 0x00, 0x00, 0x00, 0x00, 0x00, 0x00, 0x00, 0x00, 0x00,
    0x00, 0x00, 0x00, 0x00, 0x00, 0x00, 0x00, 0x00, 0x00, 0x00, 0x00, 0x00, 0x00, 0x00, 0x00, 0x00,
    0x00, 0x00, 0x00, 0x00, 0x00, 0x00, 0x00, 0x00, 0x00, 0x00, 0x00, 0x00, 0xaa, 0xaa, 0xaa, 0x03,
    0x00, 0x00, 0x00, 0x00, 0x80, 0x7e, 0x80, 0x71, 0x8c, 0x8c, 0x8c, 0xff, 0x84, 0x84, 0x84, 0xef,
    0x78, 0x78, 0x8e, 0x22, 0x00, 0x00, 0x00, 0x00, 0x26, 0x24, 0xc7, 0x92, 0x23, 0x1e, 0xd9, 0xff,
    0x22, 0x1c, 0xcb, 0xfb, 0x22, 0x1c, 0xcb, 0xff, 0x22, 0x1c, 0xcc, 0xff, 0x22, 0x1c, 0xcb, 0xff,
    0x23, 0x1d, 0xc8, 0xfd, 0x24, 0x1e, 0xc8, 0xfe, 0x24, 0x1f, 0xd5, 0xff, 0x24, 0x20, 0xc9, 0xe8,
    0x27, 0x23, 0xc0, 0x82, 0x2a, 0x22, 0xbb, 0x1e, 0x00, 0x00, 0x00, 0x00, 0x00, 0x00, 0x00, 0x00,
    0x2d, 0x24, 0xb6, 0x1c, 0x28, 0x24, 0xb9, 0x6a, 0x24, 0x22, 0xb6, 0xb1, 0x23, 0x20, 0xb6, 0xe8,
    0x28, 0x23, 0xb7, 0xff, 0x2c, 0x26, 0xbb, 0xff, 0x2c, 0x27, 0xbb, 0xff, 0x2b, 0x26, 0xbb, 0xff,
    0x2b, 0x25, 0xb5, 0xff, 0x2a, 0x27, 0xb2, 0xff, 0x2a, 0x27, 0xaf, 0xff, 0x28, 0x25, 0x9f, 0xfb,
    0x2a, 0x26, 0xa3, 0xf0, 0x31, 0x2d, 0x9d, 0xbf, 0x55, 0x55, 0xaa, 0x06, 0x00, 0x00, 0x7f, 0x02,
    0x00, 0x00, 0xff, 0x01, 0x00, 0x00, 0x00, 0x00, 0x00, 0x00, 0x00, 0x00, 0x00, 0x00, 0x00, 0x00,
    0x00, 0x00, 0x00, 0x00, 0x00, 0x00, 0x00, 0x00, 0x00, 0x00, 0x00, 0x00, 0x00, 0x00, 0x00, 0x00,
    0x00, 0x00, 0x00, 0x00, 0x00, 0x00, 0x00, 0x00, 0x00, 0x00, 0x00, 0x00, 0x00, 0x00, 0x00, 0x00,
    0x00, 0x00, 0x00, 0x00, 0x00, 0x00, 0x00, 0x00, 0x00, 0x00, 0x00, 0x00, 0x00, 0x00, 0x00, 0x00,
    0x00, 0x00, 0x00, 0x00, 0x00, 0x00, 0x00, 0x00, 0x00, 0x00, 0x00, 0x00, 0x00, 0x00, 0x00, 0x00,
    0x00, 0x00, 0x00, 0x00, 0x00, 0x00, 0x00, 0x00, 0x00, 0x00, 0x00, 0x00, 0x00, 0x00, 0x00, 0x00,
    0x00, 0x00, 0x00, 0x00, 0x00, 0x00, 0x00, 0x00, 0x00, 0x00, 0x00, 0x00, 0x00, 0x00, 0x00, 0x00,
    0x00, 0x00, 0x00, 0x00, 0x00, 0x00, 0x00, 0x00, 0x00, 0x00, 0x00, 0x00, 0x00, 0x00, 0x00, 0x00,
    0x00, 0x00, 0x00, 0x00, 0x00, 0x00, 0x00, 0x00, 0x00, 0x00, 0x00, 0x00, 0x00, 0x00, 0x00, 0x00,
    0x00, 0x00, 0x00, 0x00, 0x00, 0x00, 0x00, 0x00, 0x00, 0x00, 0x00, 0x01, 0xaa, 0xaa, 0xaa, 0x03,
    0x00, 0x00, 0x00, 0x00, 0x7a, 0x79, 0x7a, 0xb1, 0x7e, 0x7f, 0x7e, 0xff, 0x72, 0x72, 0x8c, 0x1d,
    0x00, 0x00, 0x00, 0x00, 0x24, 0x22, 0xbf, 0xa1, 0x23, 0x20, 0xd4, 0xff, 0x22, 0x1e, 0xc8, 0xfb,
    0x22, 0x1f, 0xc7, 0xff, 0x23, 0x1f, 0xc7, 0xff, 0x24, 0x1e, 0xc7, 0xff, 0x23, 0x1e, 0xc5, 0xff,
    0x23, 0x1e, 0xc5, 0xff, 0x23, 0x1e, 0xc4, 0xfb, 0x23, 0x1f, 0xc7, 0xff, 0x25, 0x22, 0xcd, 0xff,
    0x26, 0x1f, 0xc0, 0xee, 0x20, 0x1f, 0xba, 0xa3, 0x2d, 0x2a, 0xb4, 0x55, 0x2d, 0x3c, 0xa5, 0x11,
    0x00, 0x00, 0x00, 0x00, 0x00, 0x00, 0x00, 0x00, 0x00, 0x00, 0x00, 0x01, 0x29, 0x22, 0xb3, 0x25,
    0x2a, 0x2a, 0xaa, 0x48, 0x27, 0x22, 0xaa, 0x60, 0x22, 0x20, 0xa5, 0x6f, 0x22, 0x25, 0xa3, 0x75,
    0x23, 0x25, 0xa1, 0x73, 0x2d, 0x2b, 0x9c, 0x6a, 0x32, 0x2b, 0x9d, 0x70, 0x38, 0x34, 0x9e, 0x96,
    0x5f, 0x67, 0xa7, 0x20, 0x00, 0x00, 0x00, 0x00, 0x00, 0x00, 0x7f, 0x02, 0x00, 0x00, 0x00, 0x00,
    0x00, 0x00, 0x00, 0x00, 0x00, 0x00, 0x00, 0x00, 0x00, 0x00, 0x00, 0x00, 0x00, 0x00, 0x00, 0x00,
    0x00, 0x00, 0x00, 0x00, 0x00, 0x00, 0x00, 0x00, 0x00, 0x00, 0x00, 0x00, 0x00, 0x00, 0x00, 0x00,
    0x00, 0x00, 0x00, 0x00, 0x00, 0x00, 0x00, 0x00, 0x00, 0x00, 0x00, 0x00, 0x00, 0x00, 0x00, 0x00,
    0x00, 0x00, 0x00, 0x00, 0x00, 0x00, 0x00, 0x00, 0x00, 0x00, 0x00, 0x00, 0x00, 0x00, 0x00, 0x00,
    0x00, 0x00, 0x00, 0x00, 0x00, 0x00, 0x00, 0x00, 0x00, 0x00, 0x00, 0x00, 0x00, 0x00, 0x00, 0x00,
    0x00, 0x00, 0x00, 0x00, 0x00, 0x00, 0x00, 0x00, 0x00, 0x00, 0x00, 0x00, 0x00, 0x00, 0x00, 0x00,
    0x00, 0x00, 0x00, 0x00, 0x00, 0x00, 0x00, 0x00, 0x00, 0x00, 0x00, 0x00, 0x00, 0x00, 0x00, 0x00,
    0x00, 0x00, 0x00, 0x00, 0x00, 0x00, 0x00, 0x00, 0x00, 0x00, 0x00, 0x00, 0x00, 0x00, 0x00, 0x00,
    0x00, 0x00, 0x00, 0x00, 0x00, 0x00, 0x00, 0x00, 0x00, 0x00, 0x00, 0x00, 0x00, 0x00, 0x00, 0x00,
    0x00, 0x00, 0x00, 0x00, 0x00, 0x00, 0x00, 0x00, 0xff, 0xff, 0xff, 0x01, 0xff, 0xff, 0xff, 0x01,
    0x78, 0x69, 0x69, 0x11, 0x74, 0x74, 0x74, 0xcd, 0x76, 0x76, 0x7f, 0x36, 0xff, 0xff, 0xff, 0x01,
    0x27, 0x22, 0xbd, 0xa8, 0x24, 0x21, 0xd1, 0xff, 0x22, 0x1e, 0xc4, 0xfc, 0x22, 0x1e, 0xc4, 0xff,
    0x22, 0x1f, 0xc4, 0xff, 0x24, 0x1f, 0xc4, 0xff, 0x25, 0x1f, 0xc3, 0xff, 0x24, 0x1f, 0xc2, 0xff,
    0x25, 0x20, 0xc1, 0xff, 0x25, 0x20, 0xbe, 0xfe, 0x25, 0x21, 0xbc, 0xfb, 0x28, 0x23, 0xbd, 0xff,
    0x28, 0x22, 0xc5, 0xff, 0x25, 0x24, 0xbf, 0xff, 0x25, 0x22, 0xb3, 0xef, 0x29, 0x21, 0xae, 0xbd,
    0x25, 0x21, 0xac, 0x88, 0x32, 0x28, 0xad, 0x6a, 0x3a, 0x36, 0xa7, 0x4f, 0x38, 0x30, 0xa5, 0x3f,
    0x38, 0x38, 0xaa, 0x3f, 0x3a, 0x36, 0xab, 0x4f, 0x2e, 0x2b, 0xa2, 0x63, 0x2b, 0x25, 0x9a, 0x7c,
    0x2e, 0x24, 0xa3, 0xb5, 0x2d, 0x29, 0xa1, 0xe7, 0x32, 0x32, 0x9a, 0x51, 0x00, 0x00, 0x00, 0x00,
    0x55, 0x55, 0xaa, 0x03, 0x00, 0x00, 0x00, 0x00, 0x00, 0x00, 0x00, 0x00, 0x00, 0x00, 0x00, 0x00,
    0x00, 0x00, 0x00, 0x00, 0x00, 0x00, 0x00, 0x00, 0x00, 0x00, 0x00, 0x00, 0x00, 0x00, 0x00, 0x00,
    0x00, 0x00, 0x00, 0x00, 0x00, 0x00, 0x00, 0x00, 0x00, 0x00, 0x00, 0x00, 0x00, 0x00, 0x00, 0x00,
    0x00, 0x00, 0x00, 0x00, 0x00, 0x00, 0x00, 0x00, 0x00, 0x00, 0x00, 0x00, 0x00, 0x00, 0x00, 0x00,
    0x00, 0x00, 0x00, 0x00, 0x00, 0x00, 0x00, 0x00, 0x00, 0x00, 0x00, 0x00, 0x00, 0x00, 0x00, 0x00,
    0x00, 0x00, 0x00, 0x00, 0x00, 0x00, 0x00, 0x00, 0x00, 0x00, 0x00, 0x00, 0x00, 0x00, 0x00, 0x00,
    0x00, 0x00, 0x00, 0x00, 0x00, 0x00, 0x00, 0x00, 0x00, 0x00, 0x00, 0x00, 0x00, 0x00, 0x00, 0x00,
    0x00, 0x00, 0x00, 0x00, 0x00, 0x00, 0x00, 0x00, 0x00, 0x00, 0x00, 0x00, 0x00, 0x00, 0x00, 0x00,
    0x00, 0x00, 0x00, 0x00, 0x00, 0x00, 0x00, 0x00, 0x00, 0x00, 0x00, 0x00, 0x00, 0x00, 0x00, 0x00,
    0x00, 0x00, 0x00, 0x00, 0x00, 0x00, 0x00, 0x00, 0x00, 0x00, 0x00, 0x00, 0x00, 0x00, 0x00, 0x00,
    0x00, 0x00, 0x00, 0x00, 0x00, 0x00, 0x00, 0x00, 0x7f, 0x7f, 0x7f, 0x02, 0x00, 0x00, 0x00, 0x00,
    0x82, 0x7c, 0x82, 0x25, 0x82, 0x7c, 0x8e, 0x2b, 0x00, 0x00, 0x00, 0x00, 0x2b, 0x25, 0xbe, 0xa9,
    0x26, 0x21, 0xcd, 0xfe, 0x23, 0x20, 0xc0, 0xfc, 0x24, 0x20, 0xc2, 0xff, 0x25, 0x20, 0xc0, 0xff,
    0x24, 0x21, 0xbf, 0xff, 0x24, 0x21, 0xbd, 0xff, 0x24, 0x22, 0xbc, 0xff, 0x25, 0x23, 0xbb, 0xff,
    0x24, 0x23, 0xbb, 0xff, 0x24, 0x22, 0xb9, 0xff, 0x28, 0x23, 0xb7, 0xfe, 0x27, 0x22, 0xb6, 0xfc,
    0x26, 0x22, 0xb5, 0xfc, 0x2b, 0x23, 0xb6, 0xff, 0x2c, 0x25, 0xb9, 0xff, 0x29, 0x23, 0xb8, 0xff,
    0x2b, 0x24, 0xb7, 0xff, 0x2c, 0x25, 0xb3, 0xff, 0x2b, 0x26, 0xac, 0xff, 0x2a, 0x28, 0xaa, 0xff,
    0x2b, 0x27, 0xad, 0xff, 0x2a, 0x28, 0xaa, 0xff, 0x2e, 0x2b, 0xb1, 0xff, 0x2b, 0x27, 0xa5, 0xff,
    0x29, 0x29, 0x9a, 0x4f, 0x00, 0x00, 0x00, 0x00, 0x00, 0x00, 0xaa, 0x03, 0x00, 0x00, 0x00, 0x00,
    0x00, 0x00, 0x00, 0x00, 0x00, 0x00, 0x00, 0x00, 0x00, 0x00, 0x00, 0x00, 0x00, 0x00, 0x00, 0x00,
    0x00, 0x00, 0x00, 0x00, 0x00, 0x00, 0x00, 0x00, 0x00, 0x00, 0x00, 0x00, 0x00, 0x00, 0x00, 0x00,
    0x00, 0x00, 0x00, 0x00, 0x00, 0x00, 0x00, 0x00, 0x00, 0x00, 0x00, 0x00, 0x00, 0x00, 0x00, 0x00,
    0x00, 0x00, 0x00, 0x00, 0x00, 0x00, 0x00, 0x00, 0x00, 0x00, 0x00, 0x00, 0x00, 0x00, 0x00, 0x00,
    0x00, 0x00, 0x00, 0x00, 0x00, 0x00, 0x00, 0x00, 0x00, 0x00, 0x00, 0x00, 0x00, 0x00, 0x00, 0x00,
    0x00, 0x00, 0x00, 0x00, 0x00, 0x00, 0x00, 0x00, 0x00, 0x00, 0x00, 0x00, 0x00, 0x00, 0x00, 0x00,
    0x00, 0x00, 0x00, 0x00, 0x00, 0x00, 0x00, 0x00, 0x00, 0x00, 0x00, 0x00, 0x00, 0x00, 0x00, 0x00,
    0x00, 0x00, 0x00, 0x00, 0x00, 0x00, 0x00, 0x00, 0x00, 0x00, 0x00, 0x00, 0x00, 0x00, 0x00, 0x00,
    0x00, 0x00, 0x00, 0x00, 0x00, 0x00, 0x00, 0x00, 0x00, 0x00, 0x00, 0x00, 0x00, 0x00, 0x00, 0x00,
    0x00, 0x00, 0x00, 0x00, 0x00, 0x00, 0x00, 0x00, 0x00, 0x00, 0x00, 0x00, 0x00, 0x00, 0x00, 0x00,
    0x00, 0x00, 0x00, 0x00, 0x00, 0x00, 0x00, 0x00, 0xff, 0xff, 0xff, 0x02, 0x00, 0x00, 0x00, 0x00,
    0xc3, 0xc0, 0xc8, 0x5e, 0xf4, 0xf4, 0xc1, 0x19, 0x1e, 0x19, 0xb5, 0x98, 0x28, 0x25, 0xc9, 0xff,
    0x23, 0x21, 0xbb, 0xf8, 0x25, 0x22, 0xbc, 0xff, 0x26, 0x22, 0xbb, 0xff, 0x26, 0x22, 0xbb, 0xff,
    0x24, 0x23, 0xb8, 0xff, 0x24, 0x23, 0xb8, 0xff, 0x24, 0x23, 0xb6, 0xff, 0x24, 0x23, 0xb6, 0xff,
    0x25, 0x22, 0xb6, 0xff, 0x2a, 0x22, 0xb5, 0xff, 0x2c, 0x23, 0xb4, 0xff, 0x2b, 0x23, 0xb1, 0xff,
    0x29, 0x23, 0xad, 0xfe, 0x28, 0x22, 0xac, 0xfc, 0x27, 0x20, 0xa8, 0xfb, 0x27, 0x22, 0xa6, 0xfb,
    0x27, 0x23, 0xa2, 0xfc, 0x26, 0x22, 0x9f, 0xfc, 0x26, 0x21, 0x9f, 0xfa, 0x27, 0x24, 0x9e, 0xf7,
    0x28, 0x29, 0xa6, 0xff, 0x29, 0x28, 0xa2, 0xe1, 0x2c, 0x28, 0x8a, 0x39, 0x00, 0x00, 0x00, 0x00,
    0x00, 0x00, 0x7f, 0x04, 0x00, 0x00, 0x00, 0x00, 0x00, 0x00, 0x00, 0x00, 0x00, 0x00, 0x00, 0x00,
    0x00, 0x00, 0x00, 0x00, 0x00, 0x00, 0x00, 0x00, 0x00, 0x00, 0x00, 0x00, 0x00, 0x00, 0x00, 0x00,
    0x00, 0x00, 0x00, 0x00, 0x00, 0x00, 0x00, 0x00, 0x00, 0x00, 0x00, 0x00, 0x00, 0x00, 0x00, 0x00,
    0x00, 0x00, 0x00, 0x00, 0x00, 0x00, 0x00, 0x00, 0x00, 0x00, 0x00, 0x00, 0x00, 0x00, 0x00, 0x00,
    0x00, 0x00, 0x00, 0x00, 0x00, 0x00, 0x00, 0x00, 0x00, 0x00, 0x00, 0x00, 0x00, 0x00, 0x00, 0x00,
    0x00, 0x00, 0x00, 0x00, 0x00, 0x00, 0x00, 0x00, 0x00, 0x00, 0x00, 0x00, 0x00, 0x00, 0x00, 0x00,
    0x00, 0x00, 0x00, 0x00, 0x00, 0x00, 0x00, 0x00, 0x00, 0x00, 0x00, 0x00, 0x00, 0x00, 0x00, 0x00,
    0x00, 0x00, 0x00, 0x00, 0x00, 0x00, 0x00, 0x00, 0x00, 0x00, 0x00, 0x00, 0x00, 0x00, 0x00, 0x00,
    0x00, 0x00, 0x00, 0x00, 0x00, 0x00, 0x00, 0x00, 0x00, 0x00, 0x00, 0x00, 0x00, 0x00, 0x00, 0x00,
    0x00, 0x00, 0x00, 0x00, 0x00, 0x00, 0x00, 0x00, 0x00, 0x00, 0x00, 0x00, 0x00, 0x00, 0x00, 0x00,
    0x00, 0x00, 0x00, 0x00, 0x00, 0x00, 0x00, 0x00, 0x00, 0x00, 0x00, 0x00, 0x00, 0x00, 0x00, 0x00,
    0x00, 0x00, 0x00, 0x00, 0xbf, 0xbf, 0xbf, 0x04, 0x00, 0x00, 0x00, 0x01, 0xc6, 0xc2, 0xc6, 0x82,
    0xd4, 0xd4, 0xcd, 0xdc, 0x44, 0x3f, 0xb0, 0x68, 0x23, 0x1f, 0xb8, 0xf8, 0x29, 0x25, 0xc1, 0xff,
    0x24, 0x23, 0xb6, 0xfd, 0x27, 0x22, 0xb7, 0xfb, 0x2a, 0x22, 0xb5, 0xfe, 0x29, 0x23, 0xb4, 0xff,
    0x29, 0x23, 0xb5, 0xff, 0x28, 0x23, 0xb3, 0xff, 0x2a, 0x22, 0xb1, 0xff, 0x29, 0x22, 0xb1, 0xff,
    0x2a, 0x24, 0xb0, 0xff, 0x2c, 0x24, 0xaf, 0xff, 0x29, 0x23, 0xaa, 0xff, 0x26, 0x22, 0xa7, 0xff,
    0x28, 0x24, 0xa6, 0xff, 0x29, 0x24, 0xa5, 0xff, 0x28, 0x25, 0xa2, 0xff, 0x27, 0x26, 0x9f, 0xfc,
    0x27, 0x23, 0x9f, 0xfb, 0x28, 0x25, 0xa5, 0xff, 0x2b, 0x27, 0xa9, 0xff, 0x2e, 0x2a, 0xa1, 0xb6,
    0x2f, 0x27, 0x97, 0x20, 0x00, 0x00, 0x00, 0x00, 0x00, 0x00, 0xaa, 0x03, 0x00, 0x00, 0x00, 0x00,
    0x00, 0x00, 0x00, 0x00, 0x00, 0x00, 0x00, 0x00, 0x00, 0x00, 0x00, 0x00, 0x00, 0x00, 0x00, 0x00,
    0x00, 0x00, 0x00, 0x00, 0x00, 0x00, 0x00, 0x00, 0x00, 0x00, 0x00, 0x00, 0x00, 0x00, 0x00, 0x00,
    0x00, 0x00, 0x00, 0x00, 0x00, 0x00, 0x00, 0x00, 0x00, 0x00, 0x00, 0x00, 0x00, 0x00, 0x00, 0x00,
    0x00, 0x00, 0x00, 0x00, 0x00, 0x00, 0x00, 0x00, 0x00, 0x00, 0x00, 0x00, 0x00, 0x00, 0x00, 0x00,
    0x00, 0x00, 0x00, 0x00, 0x00, 0x00, 0x00, 0x00, 0x00, 0x00, 0x00, 0x00, 0x00, 0x00, 0x00, 0x00,
    0x00, 0x00, 0x00, 0x00, 0x00, 0x00, 0x00, 0x00, 0x00, 0x00, 0x00, 0x00, 0x00, 0x00, 0x00, 0x00,
    0x00, 0x00, 0x00, 0x00, 0x00, 0x00, 0x00, 0x00, 0x00, 0x00, 0x00, 0x00, 0x00, 0x00, 0x00, 0x00,
    0x00, 0x00, 0x00, 0x00, 0x00, 0x00, 0x00, 0x00, 0x00, 0x00, 0x00, 0x00, 0x00, 0x00, 0x00, 0x00,
    0x00, 0x00, 0x00, 0x00, 0x00, 0x00, 0x00, 0x00, 0x00, 0x00, 0x00, 0x00, 0x00, 0x00, 0x00, 0x00,
    0x00, 0x00, 0x00, 0x00, 0x00, 0x00, 0x00, 0x00, 0x00, 0x00, 0x00, 0x00, 0x00, 0x00, 0x00, 0x00,
    0x00, 0x00, 0x00, 0x00, 0x00, 0x00, 0x00, 0x00, 0x00, 0x00, 0x00, 0x00, 0x00, 0x00, 0x00, 0x00,
    0xaa, 0xaa, 0xaa, 0x03, 0x00, 0x00, 0x00, 0x00, 0xcb, 0xc7, 0xc7, 0x40, 0xdb, 0xdc, 0xdd, 0xff,
    0xd5, 0xd8, 0xc9, 0x56, 0x1b, 0x10, 0xa0, 0x2e, 0x2a, 0x27, 0xb3, 0xb0, 0x27, 0x24, 0xb3, 0xff,
    0x2c, 0x24, 0xbc, 0xff, 0x2c, 0x24, 0xb4, 0xff, 0x2b, 0x24, 0xb0, 0xfc, 0x2b, 0x24, 0xaf, 0xfb,
    0x29, 0x23, 0xae, 0xfc, 0x29, 0x22, 0xac, 0xfd, 0x29, 0x22, 0xa9, 0xfe, 0x2a, 0x24, 0xa8, 0xfe,
    0x2a, 0x24, 0xa8, 0xfe, 0x29, 0x25, 0xa4, 0xfd, 0x29, 0x24, 0xa2, 0xfd, 0x29, 0x24, 0xa3, 0xfb,
    0x28, 0x24, 0xa1, 0xfb, 0x26, 0x22, 0xa0, 0xff, 0x2a, 0x25, 0xa8, 0xff, 0x2a, 0x27, 0xa8, 0xff,
    0x26, 0x27, 0x9f, 0xd9, 0x2f, 0x2c, 0x9b, 0x61, 0x01, 0x00, 0x00, 0x00, 0x00, 0x00, 0x00, 0x00,
    0x55, 0x00, 0xaa, 0x03, 0x00, 0x00, 0x00, 0x00, 0x00, 0x00, 0x00, 0x00, 0x00, 0x00, 0x00, 0x00,
    0x00, 0x00, 0x00, 0x00, 0x00, 0x00, 0x00, 0x00, 0x00, 0x00, 0x00, 0x00, 0x00, 0x00, 0x00, 0x00,
    0x00, 0x00, 0x00, 0x00, 0x00, 0x00, 0x00, 0x00, 0x00, 0x00, 0x00, 0x00, 0x00, 0x00, 0x00, 0x00,
    0x00, 0x00, 0x00, 0x00, 0x00, 0x00, 0x00, 0x00, 0x00, 0x00, 0x00, 0x00, 0x00, 0x00, 0x00, 0x00,
    0x00, 0x00, 0x00, 0x00, 0x00, 0x00, 0x00, 0x00, 0x00, 0x00, 0x00, 0x00, 0x00, 0x00, 0x00, 0x00,
    0x00, 0x00, 0x00, 0x00, 0x00, 0x00, 0x00, 0x00, 0x00, 0x00, 0x00, 0x00, 0x00, 0x00, 0x00, 0x00,
    0x00, 0x00, 0x00, 0x00, 0x00, 0x00, 0x00, 0x00, 0x00, 0x00, 0x00, 0x00, 0x00, 0x00, 0x00, 0x00,
    0x00, 0x00, 0x00, 0x00, 0x00, 0x00, 0x00, 0x00, 0x00, 0x00, 0x00, 0x00, 0x00, 0x00, 0x00, 0x00,
    0x00, 0x00, 0x00, 0x00, 0x00, 0x00, 0x00, 0x00, 0x00, 0x00, 0x00, 0x00, 0x00, 0x00, 0x00, 0x00,
    0x00, 0x00, 0x00, 0x00, 0x00, 0x00, 0x00, 0x00, 0x00, 0x00, 0x00, 0x00, 0x00, 0x00, 0x00, 0x00,
    0x00, 0x00, 0x00, 0x00, 0x00, 0x00, 0x00, 0x00, 0x00, 0x00, 0x00, 0x00, 0x00, 0x00, 0x00, 0x00,
    0x00, 0x00, 0x00, 0x00, 0x00, 0x00, 0x00, 0x00, 0x00, 0x00, 0x00, 0x00, 0x7f, 0x7f, 0x7f, 0x02,
    0x00, 0x00, 0x00, 0x00, 0xbf, 0xbf, 0xbf, 0x18, 0xcb, 0xca, 0xca, 0xfd, 0xc2, 0xc2, 0xc4, 0x8c,
    0x00, 0x00, 0x00, 0x00, 0x02, 0x01, 0x00, 0x00, 0x2e, 0x2a, 0xaa, 0x3c, 0x27, 0x24, 0xac, 0xa1,
    0x2a, 0x26, 0xac, 0xe8, 0x2b, 0x26, 0xb3, 0xff, 0x2c, 0x25, 0xb5, 0xff, 0x2a, 0x26, 0xb1, 0xff,
    0x29, 0x25, 0xad, 0xff, 0x28, 0x24, 0xa9, 0xff, 0x27, 0x24, 0xa8, 0xff, 0x28, 0x25, 0xa7, 0xff,
    0x29, 0x26, 0xa6, 0xff, 0x2a, 0x26, 0xa7, 0xff, 0x2b, 0x27, 0xac, 0xff, 0x2a, 0x28, 0xa7, 0xff,
    0x29, 0x25, 0xa0, 0xfb, 0x2a, 0x24, 0x9f, 0xc2, 0x2f, 0x2c, 0x9b, 0x61, 0x4c, 0x33, 0x7f, 0x0a,
    0x00, 0x00, 0x00, 0x00, 0x00, 0x00, 0xff, 0x01, 0x00, 0x00, 0x7f, 0x02, 0x00, 0x00, 0x00, 0x00,
    0x00, 0x00, 0x00, 0x00, 0x00, 0x00, 0x00, 0x00, 0x00, 0x00, 0x00, 0x00, 0x00, 0x00, 0x00, 0x00,
    0x00, 0x00, 0x00, 0x00, 0x00, 0x00, 0x00, 0x00, 0x00, 0x00, 0x00, 0x00, 0x00, 0x00, 0x00, 0x00,
    0x00, 0x00, 0x00, 0x00, 0x00, 0x00, 0x00, 0x00, 0x00, 0x00, 0x00, 0x00, 0x00, 0x00, 0x00, 0x00,
    0x00, 0x00, 0x00, 0x00, 0x00, 0x00, 0x00, 0x00, 0x00, 0x00, 0x00, 0x00, 0x00, 0x00, 0x00, 0x00,
    0x00, 0x00, 0x00, 0x00, 0x00, 0x00, 0x00, 0x00, 0x00, 0x00, 0x00, 0x00, 0x00, 0x00, 0x00, 0x00,
    0x00, 0x00, 0x00, 0x00, 0x00, 0x00, 0x00, 0x00, 0x00, 0x00, 0x00, 0x00, 0x00, 0x00, 0x00, 0x00,
    0x00, 0x00, 0x00, 0x00, 0x00, 0x00, 0x00, 0x00, 0x00, 0x00, 0x00, 0x00, 0x00, 0x00, 0x00, 0x00,
    0x00, 0x00, 0x00, 0x00, 0x00, 0x00, 0x00, 0x00, 0x00, 0x00, 0x00, 0x00, 0x00, 0x00, 0x00, 0x00,
    0x00, 0x00, 0x00, 0x00, 0x00, 0x00, 0x00, 0x00, 0x00, 0x00, 0x00, 0x00, 0x00, 0x00, 0x00, 0x00,
    0x00, 0x00, 0x00, 0x00, 0x00, 0x00, 0x00, 0x00, 0x00, 0x00, 0x00, 0x00, 0x00, 0x00, 0x00, 0x00,
    0x00, 0x00, 0x00, 0x00, 0x00, 0x00, 0x00, 0x00, 0x00, 0x00, 0x00, 0x00, 0x00, 0x00, 0x00, 0x00,
    0x00, 0x00, 0x00, 0x00, 0x00, 0x00, 0x00, 0x00, 0x00, 0x00, 0x00, 0x00, 0x00, 0x00, 0x00, 0x00,
    0xff, 0xff, 0xff, 0x01, 0xc5, 0xc5, 0xc5, 0xd9, 0xc6, 0xc6, 0xc6, 0xbd, 0x00, 0x00, 0x7f, 0x02,
    0x7f, 0x7f, 0xbf, 0x04, 0x00, 0x00, 0x00, 0x00, 0x00, 0x00, 0x00, 0x00, 0x3c, 0x30, 0x91, 0x15,
    0x2c, 0x25, 0xa0, 0x51, 0x24, 0x21, 0x9e, 0x8a, 0x25, 0x25, 0xa0, 0xb7, 0x2a, 0x27, 0xa1, 0xd1,
    0x2a, 0x27, 0x9f, 0xe2, 0x26, 0x25, 0x9e, 0xe8, 0x26, 0x25, 0x9d, 0xe7, 0x28, 0x27, 0x9e, 0xdc,
    0x27, 0x29, 0xa0, 0xc6, 0x26, 0x22, 0x9f, 0xa1, 0x27, 0x25, 0x9a, 0x6d, 0x35, 0x35, 0x9a, 0x2b,
    0x00, 0x00, 0x00, 0x00, 0x00, 0x00, 0x00, 0x00, 0x00, 0x00, 0x00, 0x00, 0x55, 0x00, 0xaa, 0x03,
    0x00, 0x00, 0x00, 0x00, 0x00, 0x00, 0x00, 0x00, 0x00, 0x00, 0x00, 0x00, 0x00, 0x00, 0x00, 0x00,
    0x00, 0x00, 0x00, 0x00, 0x00, 0x00, 0x00, 0x00, 0x00, 0x00, 0x00, 0x00, 0x00, 0x00, 0x00, 0x00,
    0x00, 0x00, 0x00, 0x00, 0x00, 0x00, 0x00, 0x00, 0x00, 0x00, 0x00, 0x00, 0x00, 0x00, 0x00, 0x00,
    0x00, 0x00, 0x00, 0x00, 0x00, 0x00, 0x00, 0x00, 0x00, 0x00, 0x00, 0x00, 0x00, 0x00, 0x00, 0x00,
    0x00, 0x00, 0x00, 0x00, 0x00, 0x00, 0x00, 0x00, 0x00, 0x00, 0x00, 0x00, 0x00, 0x00, 0x00, 0x00,
    0x00, 0x00, 0x00, 0x00, 0x00, 0x00, 0x00, 0x00, 0x00, 0x00, 0x00, 0x00, 0x00, 0x00, 0x00, 0x00,
    0x00, 0x00, 0x00, 0x00, 0x00, 0x00, 0x00, 0x00, 0x00, 0x00, 0x00, 0x00, 0x00, 0x00, 0x00, 0x00,
    0x00, 0x00, 0x00, 0x00, 0x00, 0x00, 0x00, 0x00, 0x00, 0x00, 0x00, 0x00, 0x00, 0x00, 0x00, 0x00,
    0x00, 0x00, 0x00, 0x00, 0x00, 0x00, 0x00, 0x00, 0x00, 0x00, 0x00, 0x00, 0x00, 0x00, 0x00, 0x00,
    0x00, 0x00, 0x00, 0x00, 0x00, 0x00, 0x00, 0x00, 0x00, 0x00, 0x00, 0x00, 0x00, 0x00, 0x00, 0x00,
    0x00, 0x00, 0x00, 0x00, 0x00, 0x00, 0x00, 0x00, 0x00, 0x00, 0x00, 0x00, 0x00, 0x00, 0x00, 0x00,
    0x00, 0x00, 0x00, 0x00, 0x00, 0x00, 0x00, 0x00, 0x00, 0x00, 0x00, 0x00, 0x00, 0x00, 0x00, 0x00,
    0x00, 0x00, 0x00, 0x00, 0x00, 0x00, 0x00, 0x00, 0xbf, 0xbf, 0xbf, 0x04, 0x00, 0x00, 0x00, 0x00,
    0xc6, 0xc6, 0xc6, 0x91, 0xc6, 0xc6, 0xc6, 0xef, 0xb6, 0xb6, 0xb6, 0x07, 0x00, 0x00, 0x00, 0x00,
    0x3f, 0x3f, 0x7f, 0x04, 0x00, 0x00, 0xaa, 0x03, 0x00, 0x00, 0x00, 0x00, 0x00, 0x00, 0x00, 0x00,
    0x00, 0x00, 0x00, 0x00, 0x00, 0x00, 0x00, 0x00, 0xff, 0xff, 0x00, 0x01, 0x3f, 0x3f, 0x94, 0x0c,
    0x38, 0x2a, 0x8d, 0x12, 0x3c, 0x2d, 0x96, 0x11, 0x3f, 0x3f, 0x7f, 0x08, 0x00, 0x00, 0x00, 0x00,
    0x00, 0x00, 0x00, 0x00, 0x00, 0x00, 0x00, 0x00, 0x00, 0x00, 0x00, 0x00, 0x00, 0x00, 0xff, 0x01,
    0x55, 0x55, 0xaa, 0x03, 0x00, 0x00, 0x00, 0x01, 0x00, 0x00, 0x00, 0x00, 0x00, 0x00, 0x00, 0x00,
    0x00, 0x00, 0x00, 0x00, 0x00, 0x00, 0x00, 0x00, 0x00, 0x00, 0x00, 0x00, 0x00, 0x00, 0x00, 0x00,
    0x00, 0x00, 0x00, 0x00, 0x00, 0x00, 0x00, 0x00, 0x00, 0x00, 0x00, 0x00, 0x00, 0x00, 0x00, 0x00,
    0x00, 0x00, 0x00, 0x00, 0x00, 0x00, 0x00, 0x00, 0x00, 0x00, 0x00, 0x00, 0x00, 0x00, 0x00, 0x00,
    0x00, 0x00, 0x00, 0x00, 0x00, 0x00, 0x00, 0x00, 0x00, 0x00, 0x00, 0x00, 0x00, 0x00, 0x00, 0x00,
    0x00, 0x00, 0x00, 0x00, 0x00, 0x00, 0x00, 0x00, 0x00, 0x00, 0x00, 0x00, 0x00, 0x00, 0x00, 0x00,
    0x00, 0x00, 0x00, 0x00, 0x00, 0x00, 0x00, 0x00, 0x00, 0x00, 0x00, 0x00, 0x00, 0x00, 0x00, 0x00,
    0x00, 0x00, 0x00, 0x00, 0x00, 0x00, 0x00, 0x00, 0x00, 0x00, 0x00, 0x00, 0x00, 0x00, 0x00, 0x00,
    0x00, 0x00, 0x00, 0x00, 0x00, 0x00, 0x00, 0x00, 0x00, 0x00, 0x00, 0x00, 0x00, 0x00, 0x00, 0x00,
    0x00, 0x00, 0x00, 0x00, 0x00, 0x00, 0x00, 0x00, 0x00, 0x00, 0x00, 0x00, 0x00, 0x00, 0x00, 0x00,
    0x00, 0x00, 0x00, 0x00, 0x00, 0x00, 0x00, 0x00, 0x00, 0x00, 0x00, 0x00, 0x00, 0x00, 0x00, 0x00,
    0x00, 0x00, 0x00, 0x00, 0x00, 0x00, 0x00, 0x00, 0x00, 0x00, 0x00, 0x00, 0x00, 0x00, 0x00, 0x00,
    0x00, 0x00, 0x00, 0x00, 0x00, 0x00, 0x00, 0x00, 0x00, 0x00, 0x00, 0x00, 0x00, 0x00, 0x00, 0x00,
    0x00, 0x00, 0x00, 0x00, 0xaa, 0xaa, 0xaa, 0x03, 0x00, 0x00, 0x00, 0x00, 0xcb, 0xc6, 0xc6, 0x3b,
    0xcd, 0xcc, 0xcd, 0xff, 0xc9, 0xc9, 0xc9, 0x34, 0x00, 0x00, 0x00, 0x00, 0xaa, 0xaa, 0xaa, 0x03,
    0x00, 0x00, 0x00, 0x00, 0x00, 0x00, 0xff, 0x01, 0x55, 0x00, 0xaa, 0x03, 0x3f, 0x00, 0x7f, 0x04,
    0x00, 0x00, 0x7f, 0x02, 0x00, 0x00, 0x00, 0x00, 0x00, 0x00, 0x00, 0x00, 0x00, 0x00, 0x00, 0x00,
    0x00, 0x00, 0x00, 0x00, 0x00, 0x00, 0x00, 0x00, 0x00, 0x00, 0x00, 0x00, 0x00, 0x00, 0xaa, 0x03,
    0x3f, 0x3f, 0x7f, 0x04, 0x00, 0x00, 0x7f, 0x02, 0x00, 0x00, 0x00, 0x00, 0x00, 0x00, 0x00, 0x00,
    0x00, 0x00, 0x00, 0x00, 0x00, 0x00, 0x00, 0x00, 0x00, 0x00, 0x00, 0x00, 0x00, 0x00, 0x00, 0x00,
    0x00, 0x00, 0x00, 0x00, 0x00, 0x00, 0x00, 0x00, 0x00, 0x00, 0x00, 0x00, 0x00, 0x00, 0x00, 0x00,
    0x00, 0x00, 0x00, 0x00, 0x00, 0x00, 0x00, 0x00, 0x00, 0x00, 0x00, 0x00, 0x00, 0x00, 0x00, 0x00,
    0x00, 0x00, 0x00, 0x00, 0x00, 0x00, 0x00, 0x00, 0x00, 0x00, 0x00, 0x00, 0x00, 0x00, 0x00, 0x00,
    0x00, 0x00, 0x00, 0x00, 0x00, 0x00, 0x00, 0x00, 0x00, 0x00, 0x00, 0x00, 0x00, 0x00, 0x00, 0x00,
    0x00, 0x00, 0x00, 0x00, 0x00, 0x00, 0x00, 0x00, 0x00, 0x00, 0x00, 0x00, 0x00, 0x00, 0x00, 0x00,
    0x00, 0x00, 0x00, 0x00, 0x00, 0x00, 0x00, 0x00, 0x00, 0x00, 0x00, 0x00, 0x00, 0x00, 0x00, 0x00,
    0x00, 0x00, 0x00, 0x00, 0x00, 0x00, 0x00, 0x00, 0x00, 0x00, 0x00, 0x00, 0x00, 0x00, 0x00, 0x00,
    0x00, 0x00, 0x00, 0x00, 0x00, 0x00, 0x00, 0x00, 0x00, 0x00, 0x00, 0x00, 0x00, 0x00, 0x00, 0x00,
    0x00, 0x00, 0x00, 0x00, 0x00, 0x00, 0x00, 0x00, 0x00, 0x00, 0x00, 0x00, 0x00, 0x00, 0x00, 0x00,
    0x00, 0x00, 0x00, 0x00, 0x00, 0x00, 0x00, 0x00, 0x00, 0x00, 0x00, 0x00, 0x00, 0x00, 0x00, 0x00,
    0x00, 0x00, 0x00, 0x00, 0x00, 0x00, 0x00, 0x00, 0x00, 0x00, 0x00, 0x00, 0x00, 0x00, 0x00, 0x00,
    0x00, 0x00, 0x00, 0x00, 0x00, 0x00, 0x00, 0x00, 0x00, 0x00, 0x00, 0x00, 0x00, 0x00, 0x00, 0x00,
    0x00, 0x00, 0x00, 0x00, 0x00, 0x00, 0x00, 0x01, 0xff, 0x7f, 0xff, 0x02, 0xc8, 0xc6, 0xc8, 0xdf,
    0xc6, 0xc6, 0xc6, 0x88, 0x00, 0x00, 0x00, 0x00, 0xbf, 0xbf, 0xbf, 0x04, 0x00, 0x00, 0x00, 0x00,
    0x00, 0x00, 0x00, 0x00, 0x00, 0x00, 0x00, 0x00, 0x00, 0x00, 0x00, 0x00, 0x00, 0x00, 0x00, 0x00,
    0x00, 0x00, 0x00, 0x01, 0x00, 0x00, 0xff, 0x01, 0x00, 0x00, 0xff, 0x01, 0x00, 0x00, 0xff, 0x01,
    0x00, 0x00, 0x00, 0x01, 0x00, 0x00, 0x00, 0x00, 0x00, 0x00, 0x00, 0x00, 0x00, 0x00, 0x00, 0x00,
    0x00, 0x00, 0x00, 0x00, 0x00, 0x00, 0x00, 0x00, 0x00, 0x00, 0x00, 0x00, 0x00, 0x00, 0x00, 0x00,
    0x00, 0x00, 0x00, 0x00, 0x00, 0x00, 0x00, 0x00, 0x00, 0x00, 0x00, 0x00, 0x00, 0x00, 0x00, 0x00,
    0x00, 0x00, 0x00, 0x00, 0x00, 0x00, 0x00, 0x00, 0x00, 0x00, 0x00, 0x00, 0x00, 0x00, 0x00, 0x00,
    0x00, 0x00, 0x00, 0x00, 0x00, 0x00, 0x00, 0x00, 0x00, 0x00, 0x00, 0x00, 0x00, 0x00, 0x00, 0x00,
    0x00, 0x00, 0x00, 0x00, 0x00, 0x00, 0x00, 0x00, 0x00, 0x00, 0x00, 0x00, 0x00, 0x00, 0x00, 0x00,
    0x00, 0x00, 0x00, 0x00, 0x00, 0x00, 0x00, 0x00, 0x00, 0x00, 0x00, 0x00, 0x00, 0x00, 0x00, 0x00,
    0x00, 0x00, 0x00, 0x00, 0x00, 0x00, 0x00, 0x00, 0x00, 0x00, 0x00, 0x00, 0x00, 0x00, 0x00, 0x00,
    0x00, 0x00, 0x00, 0x00, 0x00, 0x00, 0x00, 0x00, 0x00, 0x00, 0x00, 0x00, 0x00, 0x00, 0x00, 0x00,
    0x00, 0x00, 0x00, 0x00, 0x00, 0x00, 0x00, 0x00, 0x00, 0x00, 0x00, 0x00, 0x00, 0x00, 0x00, 0x00,
    0x00, 0x00, 0x00, 0x00, 0x00, 0x00, 0x00, 0x00, 0x00, 0x00, 0x00, 0x00, 0x00, 0x00, 0x00, 0x00,
    0x00, 0x00, 0x00, 0x00, 0x00, 0x00, 0x00, 0x00, 0x00, 0x00, 0x00, 0x00, 0x00, 0x00, 0x00, 0x00,
    0x00, 0x00, 0x00, 0x00, 0x00, 0x00, 0x00, 0x00, 0x00, 0x00, 0x00, 0x00, 0x00, 0x00, 0x00, 0x00,
    0x00, 0x00, 0x00, 0x00, 0x00, 0x00, 0x00, 0x00, 0x00, 0x00, 0x00, 0x00, 0x00, 0x00, 0x00, 0x00,
    0x00, 0x00, 0x00, 0x00, 0x00, 0x00, 0x00, 0x00, 0x00, 0x00, 0x00, 0x00, 0x00, 0x00, 0x00, 0x00,
    0xbf, 0xbf, 0xbf, 0x04, 0x00, 0x00, 0x00, 0x00, 0xc7, 0xc7, 0xc7, 0x72, 0xc5, 0xc5, 0xc5, 0xdf,
    0x00, 0x00, 0x00, 0x01, 0xff, 0xff, 0xff, 0x01, 0x00, 0x00, 0x01, 0x00, 0x00, 0x00, 0x00, 0x00,
    0x00, 0x00, 0x00, 0x00, 0x00, 0x00, 0x00, 0x00, 0x00, 0x00, 0x00, 0x00, 0x00, 0x00, 0x00, 0x00,
    0x00, 0x00, 0x00, 0x00, 0x00, 0x00, 0x00, 0x00, 0x00, 0x00, 0x00, 0x00, 0x00, 0x00, 0x00, 0x00,
    0x00, 0x00, 0x00, 0x00, 0x00, 0x00, 0x00, 0x00, 0x00, 0x00, 0x00, 0x00, 0x00, 0x00, 0x00, 0x00,
    0x00, 0x00, 0x00, 0x00, 0x00, 0x00, 0x00, 0x00, 0x00, 0x00, 0x00, 0x00, 0x00, 0x00, 0x00, 0x00,
    0x00, 0x00, 0x00, 0x00, 0x00, 0x00, 0x00, 0x00, 0x00, 0x00, 0x00, 0x00, 0x00, 0x00, 0x00, 0x00,
    0x00, 0x00, 0x00, 0x00, 0x00, 0x00, 0x00, 0x00, 0x00, 0x00, 0x00, 0x00, 0x00, 0x00, 0x00, 0x00,
    0x00, 0x00, 0x00, 0x00, 0x00, 0x00, 0x00, 0x00, 0x00, 0x00, 0x00, 0x00, 0x00, 0x00, 0x00, 0x00,
    0x00, 0x00, 0x00, 0x00, 0x00, 0x00, 0x00, 0x00, 0x00, 0x00, 0x00, 0x00, 0x00, 0x00, 0x00, 0x00,
    0x00, 0x00, 0x00, 0x00, 0x00, 0x00, 0x00, 0x00, 0x00, 0x00, 0x00, 0x00, 0x00, 0x00, 0x00, 0x00,
    0x00, 0x00, 0x00, 0x00, 0x00, 0x00, 0x00, 0x00, 0x00, 0x00, 0x00, 0x00, 0x00, 0x00, 0x00, 0x00,
    0x00, 0x00, 0x00, 0x00, 0x00, 0x00, 0x00, 0x00, 0x00, 0x00, 0x00, 0x00, 0x00, 0x00, 0x00, 0x00,
    0x00, 0x00, 0x00, 0x00, 0x00, 0x00, 0x00, 0x00, 0x00, 0x00, 0x00, 0x00, 0x00, 0x00, 0x00, 0x00,
    0x00, 0x00, 0x00, 0x00, 0x00, 0x00, 0x00, 0x00, 0x00, 0x00, 0x00, 0x00, 0x00, 0x00, 0x00, 0x00,
    0x00, 0x00, 0x00, 0x00, 0x00, 0x00, 0x00, 0x00, 0x00, 0x00, 0x00, 0x00, 0x00, 0x00, 0x00, 0x00,
    0x00, 0x00, 0x00, 0x00, 0x00, 0x00, 0x00, 0x00, 0x00, 0x00, 0x00, 0x00, 0x00, 0x00, 0x00, 0x00,
    0x00, 0x00, 0x00, 0x00, 0x00, 0x00, 0x00, 0x00, 0x00, 0x00, 0x00, 0x00, 0x00, 0x00, 0x00, 0x00,
    0x00, 0x00, 0x00, 0x00, 0x00, 0x00, 0x00, 0x00, 0x00, 0x00, 0x00, 0x00, 0xff, 0xff, 0xff, 0x01,
    0xff, 0xff, 0xff, 0x01, 0xd0, 0xd0, 0xd0, 0x0b, 0xc8, 0xc8, 0xc8, 0xe4, 0xc5, 0xc5, 0xc5, 0x4c,
    0x00, 0x00, 0x00, 0x00, 0xaa, 0xaa, 0xaa, 0x03, 0x00, 0x00, 0x00, 0x00, 0x00, 0x00, 0x00, 0x00,
    0x00, 0x00, 0x00, 0x00, 0x00, 0x00, 0x00, 0x00, 0x00, 0x00, 0x00, 0x00, 0x00, 0x00, 0x00, 0x00,
    0x00, 0x00, 0x00, 0x00, 0x00, 0x00, 0x00, 0x00, 0x00, 0x00, 0x00, 0x00, 0x00, 0x00, 0x00, 0x00,
    0x00, 0x00, 0x00, 0x00, 0x00, 0x00, 0x00, 0x00, 0x00, 0x00, 0x00, 0x00, 0x00, 0x00, 0x00, 0x00,
    0x00, 0x00, 0x00, 0x00, 0x00, 0x00, 0x00, 0x00, 0x00, 0x00, 0x00, 0x00, 0x00, 0x00, 0x00, 0x00,
    0x00, 0x00, 0x00, 0x00, 0x00, 0x00, 0x00, 0x00, 0x00, 0x00, 0x00, 0x00, 0x00, 0x00, 0x00, 0x00,
    0x00, 0x00, 0x00, 0x00, 0x00, 0x00, 0x00, 0x00, 0x00, 0x00, 0x00, 0x00, 0x00, 0x00, 0x00, 0x00,
    0x00, 0x00, 0x00, 0x00, 0x00, 0x00, 0x00, 0x00, 0x00, 0x00, 0x00, 0x00, 0x00, 0x00, 0x00, 0x00,
    0x00, 0x00, 0x00, 0x00, 0x00, 0x00, 0x00, 0x00, 0x00, 0x00, 0x00, 0x00, 0x00, 0x00, 0x00, 0x00,
    0x00, 0x00, 0x00, 0x00, 0x00, 0x00, 0x00, 0x00, 0x00, 0x00, 0x00, 0x00, 0x00, 0x00, 0x00, 0x00,
    0x00, 0x00, 0x00, 0x00, 0x00, 0x00, 0x00, 0x00, 0x00, 0x00, 0x00, 0x00, 0x00, 0x00, 0x00, 0x00,
    0x00, 0x00, 0x00, 0x00, 0x00, 0x00, 0x00, 0x00, 0x00, 0x00, 0x00, 0x00, 0x00, 0x00, 0x00, 0x00,
    0x00, 0x00, 0x00, 0x00, 0x00, 0x00, 0x00, 0x00, 0x00, 0x00, 0x00, 0x00, 0x00, 0x00, 0x00, 0x00,
    0x00, 0x00, 0x00, 0x00, 0x00, 0x00, 0x00, 0x00, 0x00, 0x00, 0x00, 0x00, 0x00, 0x00, 0x00, 0x00,
    0x00, 0x00, 0x00, 0x00, 0x00, 0x00, 0x00, 0x00, 0x00, 0x00, 0x00, 0x00, 0x00, 0x00, 0x00, 0x00,
    0x00, 0x00, 0x00, 0x00, 0x00, 0x00, 0x00, 0x00, 0x00, 0x00, 0x00, 0x00, 0x00, 0x00, 0x00, 0x00,
    0x00, 0x00, 0x00, 0x00, 0x00, 0x00, 0x00, 0x00, 0x00, 0x00, 0x00, 0x00, 0x00, 0x00, 0x00, 0x00,
    0x00, 0x00, 0x00, 0x00, 0x00, 0x00, 0x00, 0x00, 0x00, 0x00, 0x00, 0x00, 0xff, 0xff, 0xff, 0x03,
    0x00, 0x00, 0x00, 0x00, 0xc8, 0xc8, 0xc8, 0x5e, 0xc8, 0xc7, 0xc8, 0xc5, 0x00, 0x00, 0x00, 0x00,
    0xff, 0xff, 0xff, 0x03, 0x00, 0x00, 0x00, 0x00, 0x00, 0x00, 0x00, 0x00, 0x00, 0x00, 0x00, 0x00,
    0x00, 0x00, 0x00, 0x00, 0x00, 0x00, 0x00, 0x00, 0x00, 0x00, 0x00, 0x00, 0x00, 0x00, 0x00, 0x00,
    0x00, 0x00, 0x00, 0x00, 0x00, 0x00, 0x00, 0x00, 0x00, 0x00, 0x00, 0x00, 0x00, 0x00, 0x00, 0x00,
    0x00, 0x00, 0x00, 0x00, 0x00, 0x00, 0x00, 0x00, 0x00, 0x00, 0x00, 0x00, 0x00, 0x00, 0x00, 0x00,
    0x00, 0x00, 0x00, 0x00, 0x00, 0x00, 0x00, 0x00, 0x00, 0x00, 0x00, 0x00, 0x00, 0x00, 0x00, 0x00,
    0x00, 0x00, 0x00, 0x00, 0x00, 0x00, 0x00, 0x00, 0x00, 0x00, 0x00, 0x00, 0x00, 0x00, 0x00, 0x00,
    0x00, 0x00, 0x00, 0x00, 0x00, 0x00, 0x00, 0x00, 0x00, 0x00, 0x00, 0x00, 0x00, 0x00, 0x00, 0x00,
    0x00, 0x00, 0x00, 0x00, 0x00, 0x00, 0x00, 0x00, 0x00, 0x00, 0x00, 0x00, 0x00, 0x00, 0x00, 0x00,
    0x00, 0x00, 0x00, 0x00, 0x00, 0x00, 0x00, 0x00, 0x00, 0x00, 0x00, 0x00, 0x00, 0x00, 0x00, 0x00,
    0x00, 0x00, 0x00, 0x00, 0x00, 0x00, 0x00, 0x00, 0x00, 0x00, 0x00, 0x00, 0x00, 0x00, 0x00, 0x00,
    0x00, 0x00, 0x00, 0x00, 0x00, 0x00, 0x00, 0x00, 0x00, 0x00, 0x00, 0x00, 0x00, 0x00, 0x00, 0x00,
    0x00, 0x00, 0x00, 0x00, 0x00, 0x00, 0x00, 0x00, 0x00, 0x00, 0x00, 0x00, 0x00, 0x00, 0x00, 0x00,
    0x00, 0x00, 0x00, 0x00, 0x00, 0x00, 0x00, 0x00, 0x00, 0x00, 0x00, 0x00, 0x00, 0x00, 0x00, 0x00,
    0x00, 0x00, 0x00, 0x00, 0x00, 0x00, 0x00, 0x00, 0x00, 0x00, 0x00, 0x00, 0x00, 0x00, 0x00, 0x00,
    0x00, 0x00, 0x00, 0x00, 0x00, 0x00, 0x00, 0x00, 0x00, 0x00, 0x00, 0x00, 0x00, 0x00, 0x00, 0x00,
    0x00, 0x00, 0x00, 0x00, 0x00, 0x00, 0x00, 0x00, 0x00, 0x00, 0x00, 0x00, 0x00, 0x00, 0x00, 0x00,
    0x00, 0x00, 0x00, 0x00, 0x00, 0x00, 0x00, 0x00, 0x00, 0x00, 0x00, 0x00, 0x00, 0x00, 0x00, 0x00,
    0x00, 0x00, 0x00, 0x00, 0x00, 0x00, 0x00, 0x00, 0x00, 0x00, 0x00, 0x00, 0xaa, 0xaa, 0xaa, 0x03,
    0x00, 0x00, 0x00, 0x00, 0xca, 0xc8, 0xca, 0xa4, 0xca, 0xca, 0xca, 0x5d, 0x00, 0x00, 0x00, 0x00,
    0xbf, 0xbf, 0xbf, 0x04, 0x00, 0x00, 0x00, 0x00, 0x00, 0x00, 0x00, 0x00, 0x00, 0x00, 0x00, 0x00,
    0x00, 0x00, 0x00, 0x00, 0x00, 0x00, 0x00, 0x00, 0x00, 0x00, 0x00, 0x00, 0x00, 0x00, 0x00, 0x00,
    0x00, 0x00, 0x00, 0x00, 0x00, 0x00, 0x00, 0x00, 0x00, 0x00, 0x00, 0x00, 0x00, 0x00, 0x00, 0x00,
    0x00, 0x00, 0x00, 0x00, 0x00, 0x00, 0x00, 0x00, 0x00, 0x00, 0x00, 0x00, 0x00, 0x00, 0x00, 0x00,
    0x00, 0x00, 0x00, 0x00, 0x00, 0x00, 0x00, 0x00, 0x00, 0x00, 0x00, 0x00, 0x00, 0x00, 0x00, 0x00,
    0x00, 0x00, 0x00, 0x00, 0x00, 0x00, 0x00, 0x00, 0x00, 0x00, 0x00, 0x00, 0x00, 0x00, 0x00, 0x00,
    0x00, 0x00, 0x00, 0x00, 0x00, 0x00, 0x00, 0x00, 0x00, 0x00, 0x00, 0x00, 0x00, 0x00, 0x00, 0x00,
    0x00, 0x00, 0x00, 0x00, 0x00, 0x00, 0x00, 0x00, 0x00, 0x00, 0x00, 0x00, 0x00, 0x00, 0x00, 0x00,
    0x00, 0x00, 0x00, 0x00, 0x00, 0x00, 0x00, 0x00, 0x00, 0x00, 0x00, 0x00, 0x00, 0x00, 0x00, 0x00,
    0x00, 0x00, 0x00, 0x00, 0x00, 0x00, 0x00, 0x00, 0x00, 0x00, 0x00, 0x00, 0x00, 0x00, 0x00, 0x00,
    0x00, 0x00, 0x00, 0x00, 0x00, 0x00, 0x00, 0x00, 0x00, 0x00, 0x00, 0x00, 0x00, 0x00, 0x00, 0x00,
    0x00, 0x00, 0x00, 0x00, 0x00, 0x00, 0x00, 0x00, 0x00, 0x00, 0x00, 0x00, 0x00, 0x00, 0x00, 0x00,
    0x00, 0x00, 0x00, 0x00, 0x00, 0x00, 0x00, 0x00, 0x00, 0x00, 0x00, 0x00, 0x00, 0x00, 0x00, 0x00,
    0x00, 0x00, 0x00, 0x00, 0x00, 0x00, 0x00, 0x00, 0x00, 0x00, 0x00, 0x00, 0x00, 0x00, 0x00, 0x00,
    0x00, 0x00, 0x00, 0x00, 0x00, 0x00, 0x00, 0x00, 0x00, 0x00, 0x00, 0x00, 0x00, 0x00, 0x00, 0x00,
    0x00, 0x00, 0x00, 0x00, 0x00, 0x00, 0x00, 0x00, 0x00, 0x00, 0x00, 0x00, 0x00, 0x00, 0x00, 0x00,
    0x00, 0x00, 0x00, 0x00, 0x00, 0x00, 0x00, 0x00, 0x00, 0x00, 0x00, 0x00, 0x00, 0x00, 0x00, 0x00,
    0x00, 0x00, 0x00, 0x00, 0x00, 0x00, 0x00, 0x00, 0xff, 0xff, 0xff, 0x01, 0xff, 0xff, 0xff, 0x02,
    0xc6, 0xc6, 0xc6, 0x12, 0xca, 0xca, 0xca, 0xa9, 0xd1, 0xd1, 0xd1, 0x1c, 0x00, 0x00, 0x00, 0x00,
    0xff, 0xff, 0xff, 0x01, 0x00, 0x00, 0x00, 0x00, 0x00, 0x00, 0x00, 0x00, 0x00, 0x00, 0x00, 0x00,
    0x00, 0x00, 0x00, 0x00, 0x00, 0x00, 0x00, 0x00, 0x00, 0x00, 0x00, 0x00, 0x00, 0x00, 0x00, 0x00,
    0x00, 0x00, 0x00, 0x00, 0x00, 0x00, 0x00, 0x00, 0x00, 0x00, 0x00, 0x00, 0x00, 0x00, 0x00, 0x00,
    0x00, 0x00, 0x00, 0x00, 0x00, 0x00, 0x00, 0x00, 0x00, 0x00, 0x00, 0x00, 0x00, 0x00, 0x00, 0x00,
    0x00, 0x00, 0x00, 0x00, 0x00, 0x00, 0x00, 0x00, 0x00, 0x00, 0x00, 0x00, 0x00, 0x00, 0x00, 0x00,
    0x00, 0x00, 0x00, 0x00, 0x00, 0x00, 0x00, 0x00, 0x00, 0x00, 0x00, 0x00, 0x00, 0x00, 0x00, 0x00,
    0x00, 0x00, 0x00, 0x00, 0x00, 0x00, 0x00, 0x00, 0x00, 0x00, 0x00, 0x00, 0x00, 0x00, 0x00, 0x00,
    0x00, 0x00, 0x00, 0x00, 0x00, 0x00, 0x00, 0x00, 0x00, 0x00, 0x00, 0x00, 0x00, 0x00, 0x00, 0x00,
    0x00, 0x00, 0x00, 0x00, 0x00, 0x00, 0x00, 0x00, 0x00, 0x00, 0x00, 0x00, 0x00, 0x00, 0x00, 0x00,
    0x00, 0x00, 0x00, 0x00, 0x00, 0x00, 0x00, 0x00, 0x00, 0x00, 0x00, 0x00, 0x00, 0x00, 0x00, 0x00,
    0x00, 0x00, 0x00, 0x00, 0x00, 0x00, 0x00, 0x00, 0x00, 0x00, 0x00, 0x00, 0x00, 0x00, 0x00, 0x00,
    0x00, 0x00, 0x00, 0x00, 0x00, 0x00, 0x00, 0x00, 0x00, 0x00, 0x00, 0x00, 0x00, 0x00, 0x00, 0x00,
    0x00, 0x00, 0x00, 0x00, 0x00, 0x00, 0x00, 0x00, 0x00, 0x00, 0x00, 0x00, 0x00, 0x00, 0x00, 0x00,
    0x00, 0x00, 0x00, 0x00, 0x00, 0x00, 0x00, 0x00, 0x00, 0x00, 0x00, 0x00, 0x00, 0x00, 0x00, 0x00,
    0x00, 0x00, 0x00, 0x00, 0x00, 0x00, 0x00, 0x00, 0x00, 0x00, 0x00, 0x00, 0x00, 0x00, 0x00, 0x00,
    0x00, 0x00, 0x00, 0x00, 0x00, 0x00, 0x00, 0x00, 0x00, 0x00, 0x00, 0x00, 0x00, 0x00, 0x00, 0x00,
    0x00, 0x00, 0x00, 0x00, 0x00, 0x00, 0x00, 0x00, 0x00, 0x00, 0x00, 0x00, 0x00, 0x00, 0x00, 0x00,
    0x00, 0x00, 0x00, 0x00, 0x00, 0x00, 0x00, 0x00, 0xff, 0xff, 0xff, 0x02, 0x00, 0x00, 0x00, 0x00,
    0xcd, 0xc7, 0xc7, 0x29, 0xcc, 0xcc, 0xcc, 0x88, 0xd4, 0xd4, 0xd4, 0x06, 0xff, 0xff, 0xff, 0x01,
    0x00, 0x00, 0x00, 0x00, 0x00, 0x00, 0x00, 0x00, 0x00, 0x00, 0x00, 0x00, 0x00, 0x00, 0x00, 0x00,
    0x00, 0x00, 0x00, 0x00, 0x00, 0x00, 0x00, 0x00, 0x00, 0x00, 0x00, 0x00, 0x00, 0x00, 0x00, 0x00,
    0x00, 0x00, 0x00, 0x00, 0x00, 0x00, 0x00, 0x00, 0x00, 0x00, 0x00, 0x00, 0x00, 0x00, 0x00, 0x00,
    0x00, 0x00, 0x00, 0x00, 0x00, 0x00, 0x00, 0x00, 0x00, 0x00, 0x00, 0x00, 0x00, 0x00, 0x00, 0x00,
    0x00, 0x00, 0x00, 0x00, 0x00, 0x00, 0x00, 0x00, 0x00, 0x00, 0x00, 0x00, 0x00, 0x00, 0x00, 0x00,
    0x00, 0x00, 0x00, 0x00, 0x00, 0x00, 0x00, 0x00, 0x00, 0x00, 0x00, 0x00, 0x00, 0x00, 0x00, 0x00,
    0x00, 0x00, 0x00, 0x00, 0x00, 0x00, 0x00, 0x00, 0x00, 0x00, 0x00, 0x00, 0x00, 0x00, 0x00, 0x00,
    0x00, 0x00, 0x00, 0x00, 0x00, 0x00, 0x00, 0x00, 0x00, 0x00, 0x00, 0x00, 0x00, 0x00, 0x00, 0x00,
    0x00, 0x00, 0x00, 0x00, 0x00, 0x00, 0x00, 0x00, 0x00, 0x00, 0x00, 0x00, 0x00, 0x00, 0x00, 0x00,
    0x00, 0x00, 0x00, 0x00, 0x00, 0x00, 0x00, 0x00, 0x00, 0x00, 0x00, 0x00, 0x00, 0x00, 0x00, 0x00,
    0x00, 0x00, 0x00, 0x00, 0x00, 0x00, 0x00, 0x00, 0x00, 0x00, 0x00, 0x00, 0x00, 0x00, 0x00, 0x00,
    0x00, 0x00, 0x00, 0x00, 0x00, 0x00, 0x00, 0x00, 0x00, 0x00, 0x00, 0x00, 0x00, 0x00, 0x00, 0x00,
    0x00, 0x00, 0x00, 0x00, 0x00, 0x00, 0x00, 0x00, 0x00, 0x00, 0x00, 0x00, 0x00, 0x00, 0x00, 0x00,
    0x00, 0x00, 0x00, 0x00, 0x00, 0x00, 0x00, 0x00, 0x00, 0x00, 0x00, 0x00, 0x00, 0x00, 0x00, 0x00,
    0x00, 0x00, 0x00, 0x00, 0x00, 0x00, 0x00, 0x00, 0x00, 0x00, 0x00, 0x00, 0x00, 0x00, 0x00, 0x00,
    0x00, 0x00, 0x00, 0x00, 0x00, 0x00, 0x00, 0x00, 0x00, 0x00, 0x00, 0x00, 0x00, 0x00, 0x00, 0x00,
    0x00, 0x00, 0x00, 0x00, 0x00, 0x00, 0x00, 0x00, 0x00, 0x00, 0x00, 0x00, 0x00, 0x00, 0x00, 0x00,
    0x00, 0x00, 0x00, 0x00, 0x00, 0x00, 0x00, 0x00, 0xaa, 0xaa, 0xaa, 0x03, 0x00, 0x00, 0x00, 0x00,
    0xcc, 0xc7, 0xcc, 0x37, 0xcc, 0xcc, 0xcc, 0x55, 0x7f, 0x7f, 0x7f, 0x02, 0x7f, 0x7f, 0x7f, 0x02,
    0x00, 0x00, 0x00, 0x00, 0x00, 0x00, 0x00, 0x00, 0x00, 0x00, 0x00, 0x00, 0x00, 0x00, 0x00, 0x00,
    0x00, 0x00, 0x00, 0x00, 0x00, 0x00, 0x00, 0x00, 0x00, 0x00, 0x00, 0x00, 0x00, 0x00, 0x00, 0x00,
    0x00, 0x00, 0x00, 0x00, 0x00, 0x00, 0x00, 0x00, 0x00, 0x00, 0x00, 0x00, 0x00, 0x00, 0x00, 0x00,
    0x00, 0x00, 0x00, 0x00, 0x00, 0x00, 0x00, 0x00, 0x00, 0x00, 0x00, 0x00, 0x00, 0x00, 0x00, 0x00,
    0x00, 0x00, 0x00, 0x00, 0x00, 0x00, 0x00, 0x00, 0x00, 0x00, 0x00, 0x00, 0x00, 0x00, 0x00, 0x00,
    0x00, 0x00, 0x00, 0x00, 0x00, 0x00, 0x00, 0x00, 0x00, 0x00, 0x00, 0x00, 0x00, 0x00, 0x00, 0x00,
    0x00, 0x00, 0x00, 0x00, 0x00, 0x00, 0x00, 0x00, 0x00, 0x00, 0x00, 0x00, 0x00, 0x00, 0x00, 0x00,
    0x00, 0x00, 0x00, 0x00, 0x00, 0x00, 0x00, 0x00, 0x00, 0x00, 0x00, 0x00, 0x00, 0x00, 0x00, 0x00,
    0x00, 0x00, 0x00, 0x00, 0x00, 0x00, 0x00, 0x00, 0x00, 0x00, 0x00, 0x00, 0x00, 0x00, 0x00, 0x00,
    0x00, 0x00, 0x00, 0x00, 0x00, 0x00, 0x00, 0x00, 0x00, 0x00, 0x00, 0x00, 0x00, 0x00, 0x00, 0x00,
    0x00, 0x00, 0x00, 0x00, 0x00, 0x00, 0x00, 0x00, 0x00, 0x00, 0x00, 0x00, 0x00, 0x00, 0x00, 0x00,
    0x00, 0x00, 0x00, 0x00, 0x00, 0x00, 0x00, 0x00, 0x00, 0x00, 0x00, 0x00, 0x00, 0x00, 0x00, 0x00,
    0x00, 0x00, 0x00, 0x00, 0x00, 0x00, 0x00, 0x00, 0x00, 0x00, 0x00, 0x00, 0x00, 0x00, 0x00, 0x00,
    0x00, 0x00, 0x00, 0x00, 0x00, 0x00, 0x00, 0x00, 0x00, 0x00, 0x00, 0x00, 0x00, 0x00, 0x00, 0x00,
    0x00, 0x00, 0x00, 0x00, 0x00, 0x00, 0x00, 0x00, 0x00, 0x00, 0x00, 0x00, 0x00, 0x00, 0x00, 0x00,
    0x00, 0x00, 0x00, 0x00, 0x00, 0x00, 0x00, 0x00, 0x00, 0x00, 0x00, 0x00, 0x00, 0x00, 0x00, 0x00,
    0x00, 0x00, 0x00, 0x00, 0x00, 0x00, 0x00, 0x00, 0x00, 0x00, 0x00, 0x00, 0x00, 0x00, 0x00, 0x00,
    0x00, 0x00, 0x00, 0x00, 0x00, 0x00, 0x00, 0x00, 0xff, 0xff, 0xff, 0x01, 0x00, 0x00, 0x00, 0x00,
    0xcf, 0xcf, 0xcf, 0x10, 0x7f, 0x7f, 0x7f, 0x02, 0x00, 0x00, 0x00, 0x00, 0x00, 0x00, 0x00, 0x00,
    0x00, 0x00, 0x00, 0x00, 0x00, 0x00, 0x00, 0x00, 0x00, 0x00, 0x00, 0x00, 0x00, 0x00, 0x00, 0x00,
    0x00, 0x00, 0x00, 0x00, 0x00, 0x00, 0x00, 0x00, 0x00, 0x00, 0x00, 0x00, 0x00, 0x00, 0x00, 0x00,
    0x00, 0x00, 0x00, 0x00, 0x00, 0x00, 0x00, 0x00, 0x00, 0x00, 0x00, 0x00, 0x00, 0x00, 0x00, 0x00,
    0x00, 0x00, 0x00, 0x00, 0x00, 0x00, 0x00, 0x00, 0x00, 0x00, 0x00, 0x00, 0x00, 0x00, 0x00, 0x00,
    0x00, 0x00, 0x00, 0x00, 0x00, 0x00, 0x00, 0x00, 0x00, 0x00, 0x00, 0x00, 0x00, 0x00, 0x00, 0x00,
    0x00, 0x00, 0x00, 0x00, 0x00, 0x00, 0x00, 0x00, 0x00, 0x00, 0x00, 0x00, 0x00, 0x00, 0x00, 0x00,
    0x00, 0x00, 0x00, 0x00, 0x00, 0x00, 0x00, 0x00, 0x00, 0x00, 0x00, 0x00, 0x00, 0x00, 0x00, 0x00,
    0x00, 0x00, 0x00, 0x00, 0x00, 0x00, 0x00, 0x00, 0x00, 0x00, 0x00, 0x00, 0x00, 0x00, 0x00, 0x00,
    0x00, 0x00, 0x00, 0x00, 0x00, 0x00, 0x00, 0x00, 0x00, 0x00, 0x00, 0x00, 0x00, 0x00, 0x00, 0x00,
    0x00, 0x00, 0x00, 0x00, 0x00, 0x00, 0x00, 0x00, 0x00, 0x00, 0x00, 0x00, 0x00, 0x00, 0x00, 0x00,
    0x00, 0x00, 0x00, 0x00, 0x00, 0x00, 0x00, 0x00, 0x00, 0x00, 0x00, 0x00, 0x00, 0x00, 0x00, 0x00,
    0x00, 0x00, 0x00, 0x00, 0x00, 0x00, 0x00, 0x00, 0x00, 0x00, 0x00, 0x00, 0x00, 0x00, 0x00, 0x00,
    0x00, 0x00, 0x00, 0x00, 0x00, 0x00, 0x00, 0x00, 0x00, 0x00, 0x00, 0x00, 0x00, 0x00, 0x00, 0x00,
    0x00, 0x00, 0x00, 0x00, 0x00, 0x00, 0x00, 0x00, 0x00, 0x00, 0x00, 0x00, 0x00, 0x00, 0x00, 0x00,
};

const lv_image_dsc_t logo_img = {
  .header.magic = LV_IMAGE_HEADER_MAGIC,
  .header.cf = LV_COLOR_FORMAT_ARGB8888,
  .header.flags = 0,
  .header.w = 75,
  .header.h = 60,
  .header.stride = 300,
  .data_size = sizeof(logo_img_map),
  .data = logo_img_map,
};
